,Vehicle,Seats,Phase,Subsystems,Class,MBF,Common,Censor,Subsytem.ID,Rare.ID
1,C3,4,1,ACCESSORIES,NO,4161.37931,0,1,1,1
2,C3,4,1,AFES,EFF,6.896551,1,0,2,2
3,C3,4,1,AFES,EFF,97.931034,1,0,2,2
4,C3,4,1,AFES,NO,4056.551725,1,1,2,2
6,C3,4,1,AXLES/GEARED HUBS,EFF,4.137931,0,0,4,3
7,C3,4,1,AXLES/GEARED HUBS,NO,4157.241379,0,1,4,3
9,C3,4,1,BODY/CAB/HOOD/HULL,EFF,122.068965,0,0,6,4
10,C3,4,1,BODY/CAB/HOOD/HULL,EFF,57.241379,0,0,6,4
11,C3,4,1,BODY/CAB/HOOD/HULL,NO,3982.068966,0,1,6,4
12,C3,4,1,BRAKES,EFF,17.24138,1,0,7,5
13,C3,4,1,BRAKES,EFF,57.241379,1,0,7,5
14,C3,4,1,BRAKES,EFF,42.068966,1,0,7,5
15,C3,4,1,BRAKES,OMF,180,1,0,7,5
16,C3,4,1,BRAKES,NO,3864.827585,1,1,7,5
18,C3,4,1,CONTROL PANELS,NO,4161.37931,1,1,9,6
20,C3,4,1,ELECTRICAL SYSTEM,EFF,10.344828,0,0,11,7
21,C3,4,1,ELECTRICAL SYSTEM,NO,4151.034482,0,1,11,7
22,C3,4,1,ENGINE,OMF,146.896552,1,0,12,8
23,C3,4,1,ENGINE,NO,4014.482758,1,1,12,8
24,C3,4,1,FRAME/TOWING,NO,4161.37931,0,1,13,9
25,C3,4,1,FUEL SYSTEM,NO,4161.37931,0,1,14,10
26,C3,4,1,GFE,NO,4161.37931,1,1,15,11
27,C3,4,1,HVAC,OMF,97.931034,1,0,16,12
28,C3,4,1,HVAC,EFF,0,1,0,16,12
29,C3,4,1,HVAC,EFF,191.724138,1,0,16,12
30,C3,4,1,HVAC,EFF,0,1,0,16,12
31,C3,4,1,HVAC,NO,3871.724138,1,1,16,12
32,C3,4,1,HYDRAULICS,NO,4161.37931,0,1,17,13
34,C3,4,1,PROPELLER/SHAFTS,NO,4161.37931,0,1,19,14
35,C3,4,1,RADIOS,EFF,1049.655172,1,0,20,15
36,C3,4,1,RADIOS,EFF,160,1,0,20,15
37,C3,4,1,RADIOS,EFF,0,1,0,20,15
38,C3,4,1,RADIOS,EFF,204.137931,1,0,20,15
39,C3,4,1,RADIOS,EFF,306.206896,1,0,20,15
40,C3,4,1,RADIOS,EFF,414.482759,1,0,20,15
41,C3,4,1,RADIOS,EFF,0,1,0,20,15
42,C3,4,1,RADIOS,EFF,70.344828,1,0,20,15
43,C3,4,1,RADIOS,EFF,6.896551,1,0,20,15
44,C3,4,1,RADIOS,EFF,136.551724,1,0,20,15
45,C3,4,1,RADIOS,EFF,146.896552,1,0,20,15
46,C3,4,1,RADIOS,EFF,51.034483,1,0,20,15
47,C3,4,1,RADIOS,EFF,40.689655,1,0,20,15
48,C3,4,1,RADIOS,EFF,48.965518,1,0,20,15
49,C3,4,1,RADIOS,NO,1525.517241,1,1,20,15
50,C3,4,1,STEERING,EFF,191.724138,1,0,21,16
51,C3,4,1,STEERING,NO,3969.655172,1,1,21,16
52,C3,4,1,SUSPENSION,NO,4161.37931,1,1,22,17
56,C3,4,1,WARN/SCAN/SIGNAL,EFF,95.172414,0,0,25,18
57,C3,4,1,WARN/SCAN/SIGNAL,EFF,60,0,0,25,18
58,C3,4,1,WARN/SCAN/SIGNAL,EFF,136.551724,0,0,25,18
59,C3,4,1,WARN/SCAN/SIGNAL,EFF,84.827586,0,0,25,18
60,C3,4,1,WARN/SCAN/SIGNAL,EFF,48.965518,0,0,25,18
61,C3,4,1,WARN/SCAN/SIGNAL,EFF,17.931034,0,0,25,18
62,C3,4,1,WARN/SCAN/SIGNAL,EFF,544.827586,0,0,25,18
63,C3,4,1,WARN/SCAN/SIGNAL,NO,3173.103448,0,1,25,18
64,C3,4,1,WHEELS/TIRES,NO,4161.37931,1,1,26,19
65,C3,4,2,ACCESSORIES,NO,6242.068966,0,1,1,1
66,C3,4,2,AFES,EFF,89.655172,1,0,1,1
67,C3,4,2,AFES,EFF,8.965517,1,0,2,2
68,C3,4,2,AFES,NO,6143.448277,1,1,2,2
70,C3,4,2,AXLES/GEARED HUBS,EFF,155.172413,0,0,4,3
71,C3,4,2,AXLES/GEARED HUBS,EFF,84.137931,0,0,4,3
72,C3,4,2,AXLES/GEARED HUBS,EFF,8.275862,0,0,4,3
73,C3,4,2,AXLES/GEARED HUBS,NO,5994.48276,0,1,4,3
75,C3,4,2,BODY/CAB/HOOD/HULL,EFF,15.172414,0,0,6,4
76,C3,4,2,BODY/CAB/HOOD/HULL,EFF,25.517241,0,0,6,4
77,C3,4,2,BODY/CAB/HOOD/HULL,EFF,0,0,0,6,4
78,C3,4,2,BODY/CAB/HOOD/HULL,EFF,44.137931,0,0,6,4
79,C3,4,2,BODY/CAB/HOOD/HULL,EFF,8.275862,0,0,6,4
80,C3,4,2,BODY/CAB/HOOD/HULL,EFF,698.62069,0,0,6,4
81,C3,4,2,BODY/CAB/HOOD/HULL,EFF,48.965517,0,0,6,4
82,C3,4,2,BODY/CAB/HOOD/HULL,NO,5401.379311,0,1,6,4
83,C3,4,2,BRAKES,EFF,286.206897,1,0,7,5
84,C3,4,2,BRAKES,EFF,70.344827,1,0,7,5
85,C3,4,2,BRAKES,EFF,10.344828,1,0,7,5
86,C3,4,2,BRAKES,EFF,8.275862,1,0,7,5
87,C3,4,2,BRAKES,EFF,42.75862,1,0,7,5
88,C3,4,2,BRAKES,EFF,70.344827,1,0,7,5
89,C3,4,2,BRAKES,OMF,21.379311,1,0,7,5
90,C3,4,2,BRAKES,OMF,8.275862,1,0,7,5
91,C3,4,2,BRAKES,EFF,35.172414,1,0,7,5
92,C3,4,2,BRAKES,EFF,181.379311,1,0,7,5
93,C3,4,2,BRAKES,EFF,222.75862,1,0,7,5
94,C3,4,2,BRAKES,EFF,8.275862,1,0,7,5
95,C3,4,2,BRAKES,EFF,0,1,0,7,5
96,C3,4,2,BRAKES,EFF,0,1,0,7,5
97,C3,4,2,BRAKES,EFF,48.965517,1,0,7,5
98,C3,4,2,BRAKES,EFF,0,1,0,7,5
99,C3,4,2,BRAKES,NO,5227.586208,1,1,7,5
101,C3,4,2,CONTROL PANELS,EFF,93.793103,1,0,9,6
102,C3,4,2,CONTROL PANELS,EFF,35.172414,1,0,9,6
103,C3,4,2,CONTROL PANELS,EFF,9.655173,1,0,9,6
104,C3,4,2,CONTROL PANELS,NO,6103.448276,1,1,9,6
108,C3,4,2,ELECTRICAL SYSTEM,EFF,146.206897,0,0,11,7
109,C3,4,2,ELECTRICAL SYSTEM,EFF,65.517241,0,0,11,7
110,C3,4,2,ELECTRICAL SYSTEM,EFF,17.931035,0,0,11,7
111,C3,4,2,ELECTRICAL SYSTEM,EFF,0.689655,0,0,11,7
112,C3,4,2,ELECTRICAL SYSTEM,EFF,262.758621,0,0,11,7
113,C3,4,2,ELECTRICAL SYSTEM,EFF,31.034483,0,0,11,7
114,C3,4,2,ELECTRICAL SYSTEM,EFF,8.965517,0,0,11,7
115,C3,4,2,ELECTRICAL SYSTEM,NO,5708.965517,0,1,11,7
116,C3,4,2,ENGINE,NO,6242.068966,1,1,12,8
117,C3,4,2,FRAME/TOWING,NO,6242.068966,0,1,13,9
118,C3,4,2,FUEL SYSTEM,NO,6242.068966,0,1,14,10
119,C3,4,2,GFE,NO,6242.068966,1,1,15,11
120,C3,4,2,HVAC,OMF,33.793103,1,0,16,12
121,C3,4,2,HVAC,EFF,24.827586,1,0,16,12
122,C3,4,2,HVAC,EFF,33.103449,1,0,16,12
123,C3,4,2,HVAC,EFF,52.413793,1,0,16,12
124,C3,4,2,HVAC,OMF,44.827586,1,0,16,12
125,C3,4,2,HVAC,EFF,48.965517,1,0,16,12
126,C3,4,2,HVAC,NO,6004.137932,1,1,16,12
127,C3,4,2,HYDRAULICS,EFF,14.482759,0,0,17,13
128,C3,4,2,HYDRAULICS,EFF,48.965517,0,0,17,13
129,C3,4,2,HYDRAULICS,NO,6178.62069,0,1,17,13
132,C3,4,2,PROPELLER/SHAFTS,EFF,244.137931,0,0,19,14
133,C3,4,2,PROPELLER/SHAFTS,EFF,84.137931,0,0,19,14
134,C3,4,2,PROPELLER/SHAFTS,EFF,0,0,0,19,14
135,C3,4,2,PROPELLER/SHAFTS,EFF,17.241379,0,0,19,14
136,C3,4,2,PROPELLER/SHAFTS,EFF,0,0,0,19,14
137,C3,4,2,PROPELLER/SHAFTS,EFF,6.206896,0,0,19,14
138,C3,4,2,PROPELLER/SHAFTS,EFF,120.689655,0,0,19,14
139,C3,4,2,PROPELLER/SHAFTS,NO,5769.655174,0,1,19,14
140,C3,4,1,RADIOS,EFF,0,1,0,20,15
141,C3,4,2,RADIOS,EFF,184.827587,1,0,20,15
142,C3,4,2,RADIOS,EFF,109.655173,1,0,20,15
143,C3,4,2,RADIOS,EFF,11.724138,1,0,20,15
144,C3,4,2,RADIOS,EFF,75.172414,1,0,20,15
145,C3,4,2,RADIOS,EFF,66.206896,1,0,20,15
146,C3,4,2,RADIOS,OMF,49.655172,1,0,20,15
147,C3,4,2,RADIOS,EFF,43.448276,1,0,20,15
148,C3,4,2,RADIOS,NO,5701.37931,1,1,20,15
149,C3,4,2,STEERING,EFF,24.827586,1,0,21,16
150,C3,4,2,STEERING,EFF,8.275862,1,0,21,16
151,C3,4,2,STEERING,EFF,71.724138,1,0,21,16
152,C3,4,2,STEERING,EFF,48.965517,1,0,21,16
153,C3,4,2,STEERING,EFF,0,1,0,21,16
154,C3,4,2,STEERING,EFF,8.965517,1,0,21,16
155,C3,4,2,STEERING,EFF,8.965517,1,0,21,16
156,C3,4,2,STEERING,NO,6070.344829,1,1,21,16
157,C3,4,2,SUSPENSION,EFF,95.172414,1,0,22,17
158,C3,4,2,SUSPENSION,EFF,0,1,0,22,17
159,C3,4,2,SUSPENSION,EFF,0,1,0,22,17
160,C3,4,2,SUSPENSION,EFF,0,1,0,22,17
161,C3,4,2,SUSPENSION,EFF,0,1,0,22,17
162,C3,4,2,SUSPENSION,EFF,191.724138,1,0,22,17
163,C3,4,2,SUSPENSION,EFF,51.724138,1,0,22,17
164,C3,4,2,SUSPENSION,EFF,311.034482,1,0,22,17
165,C3,4,2,SUSPENSION,OMF,17.931035,1,0,22,17
166,C3,4,2,SUSPENSION,EFF,455.172414,1,0,22,17
167,C3,4,2,SUSPENSION,EFF,48.965517,1,0,22,17
168,C3,4,2,SUSPENSION,EFF,0,1,0,22,17
169,C3,4,2,SUSPENSION,EFF,0,1,0,22,17
170,C3,4,2,SUSPENSION,EFF,0,1,0,22,17
171,C3,4,2,SUSPENSION,NO,5070.344828,1,1,22,17
175,C3,4,2,WARN/SCAN/SIGNAL,EFF,30.344828,0,0,25,18
176,C3,4,2,WARN/SCAN/SIGNAL,EFF,26.896552,0,0,25,18
177,C3,4,2,WARN/SCAN/SIGNAL,EFF,19.310345,0,0,25,18
178,C3,4,2,WARN/SCAN/SIGNAL,EFF,44.827586,0,0,25,18
179,C3,4,2,WARN/SCAN/SIGNAL,EFF,48.965517,0,0,25,18
180,C3,4,2,WARN/SCAN/SIGNAL,EFF,60,0,0,25,18
181,C3,4,2,WARN/SCAN/SIGNAL,NO,6011.724138,0,1,25,18
182,C3,4,2,WHEELS/TIRES,EFF,8.275862,1,0,26,19
183,C3,4,2,WHEELS/TIRES,NO,6233.793104,1,1,26,19
184,C3,4,3,ACCESSORIES,EFF,48.965518,0,0,1,1
185,C3,4,3,ACCESSORIES,EFF,490.34483,0,0,1,1
186,C3,4,3,ACCESSORIES,NO,6009.655169,0,1,1,1
187,C3,4,3,AFES,NO,6548.965517,1,1,2,2
189,C3,4,3,AXLES/GEARED HUBS,NO,6548.965517,0,1,4,3
191,C3,4,3,BODY/CAB/HOOD/HULL,NO,6548.965517,0,1,6,4
192,C3,4,3,BRAKES,EFF,106.20689,1,0,7,5
193,C3,4,3,BRAKES,EFF,490.34483,1,0,7,5
194,C3,4,3,BRAKES,NO,5952.413797,1,1,7,5
196,C3,4,3,CONTROL PANELS,NO,6548.965517,1,1,9,6
198,C3,4,3,ELECTRICAL SYSTEM,EFF,88.275862,0,0,11,7
199,C3,4,3,ELECTRICAL SYSTEM,EFF,175.172413,0,0,11,7
200,C3,4,3,ELECTRICAL SYSTEM,EFF,386.20689,0,0,11,7
201,C3,4,3,ELECTRICAL SYSTEM,EFF,160,0,0,11,7
202,C3,4,3,ELECTRICAL SYSTEM,OMF,138.62069,0,0,11,7
203,C3,4,3,ELECTRICAL SYSTEM,EFF,209.65517,0,0,11,7
204,C3,4,3,ELECTRICAL SYSTEM,EFF,1372.41379,0,0,11,7
205,C3,4,3,ELECTRICAL SYSTEM,NO,4018.620702,0,1,11,7
206,C3,4,3,ENGINE,NO,6548.965517,1,1,12,8
207,C3,4,3,FRAME/TOWING,NO,6548.965517,0,1,13,9
208,C3,4,3,FUEL SYSTEM,EFF,30.34483,0,0,14,10
209,C3,4,3,FUEL SYSTEM,EFF,40,0,0,14,10
210,C3,4,3,FUEL SYSTEM,NO,6478.620687,0,1,14,10
211,C3,4,3,GFE,EFF,1372.41379,1,0,15,11
212,C3,4,3,GFE,NO,5176.551727,1,1,15,11
213,C3,4,3,HVAC,OMF,15.86207,1,0,16,12
214,C3,4,3,HVAC,EFF,37.93103,1,0,16,12
215,C3,4,3,HVAC,EFF,0,1,0,16,12
216,C3,4,3,HVAC,EFF,1372.41379,1,0,16,12
217,C3,4,3,HVAC,NO,5122.758627,1,1,16,12
218,C3,4,3,HYDRAULICS,EFF,106.20689,0,0,17,13
219,C3,4,3,HYDRAULICS,NO,6442.758627,0,1,17,13
221,C3,4,3,PROPELLER/SHAFTS,EFF,138.62069,0,0,19,14
222,C3,4,3,PROPELLER/SHAFTS,EFF,190.34483,0,0,19,14
223,C3,4,3,PROPELLER/SHAFTS,EFF,22.06897,0,0,19,14
224,C3,4,3,PROPELLER/SHAFTS,EFF,83.44827,0,0,19,14
225,C3,4,3,PROPELLER/SHAFTS,NO,6114.482757,0,1,19,14
226,C3,4,3,RADIOS,EFF,190.34483,1,0,20,15
227,C3,4,3,RADIOS,OMF,138.62069,1,0,20,15
228,C3,4,3,RADIOS,EFF,382.06897,1,0,20,15
229,C3,4,3,RADIOS,EFF,239.31035,1,0,20,15
230,C3,4,3,RADIOS,NO,5598.620677,1,1,20,15
231,C3,4,3,STEERING,EFF,160,1,0,21,16
232,C3,4,3,STEERING,EFF,106.20689,1,0,21,16
233,C3,4,3,STEERING,NO,6282.758627,1,1,21,16
234,C3,4,3,SUSPENSION,EFF,213.793103,1,0,22,17
235,C3,4,3,SUSPENSION,EFF,106.20689,1,0,22,17
236,C3,4,3,SUSPENSION,EFF,60.68965,1,0,22,17
237,C3,4,3,SUSPENSION,EFF,0,1,0,22,17
238,C3,4,3,SUSPENSION,EFF,490.34483,1,0,22,17
239,C3,4,3,SUSPENSION,NO,5677.931044,1,1,22,17
242,C3,4,3,WARN/SCAN/SIGNAL,EFF,60.689656,0,0,25,18
243,C3,4,3,WARN/SCAN/SIGNAL,EFF,11.03449,0,0,25,18
244,C3,4,3,WARN/SCAN/SIGNAL,EFF,79.31035,0,0,25,18
245,C3,4,3,WARN/SCAN/SIGNAL,EFF,607.5862,0,0,25,18
246,C3,4,3,WARN/SCAN/SIGNAL,NO,5790.344821,0,1,25,18
247,C3,4,3,WHEELS/TIRES,NO,6548.965517,1,1,26,19
248,G4,4,1,ACCESSORIES,EFF,36.551725,0,0,1,1
249,G4,4,1,ACCESSORIES,NO,5016.551723,0,1,1,1
250,G4,4,1,AFES,EFF,206.896552,1,0,2,2
251,G4,4,1,AFES,EFF,322.758621,1,0,2,2
252,G4,4,1,AFES,EFF,0,1,0,2,2
253,G4,4,1,AFES,NO,4523.448275,1,1,2,2
255,G4,4,1,AXLES/GEARED HUBS,EFF,191.034482,0,0,4,3
256,G4,4,1,AXLES/GEARED HUBS,EFF,77.24138,0,0,4,3
257,G4,4,1,AXLES/GEARED HUBS,NO,4784.827586,0,1,4,3
259,G4,4,1,BODY/CAB/HOOD/HULL,EFF,138.62069,0,0,6,4
260,G4,4,1,BODY/CAB/HOOD/HULL,EFF,0.689655,0,0,6,4
261,G4,4,1,BODY/CAB/HOOD/HULL,NO,4913.793103,0,1,6,4
262,G4,4,1,BRAKES,EFF,206.896552,1,0,7,5
263,G4,4,1,BRAKES,EFF,36.551724,1,0,7,5
264,G4,4,1,BRAKES,EFF,138.62069,1,0,7,5
265,G4,4,1,BRAKES,EFF,93.103448,1,0,7,5
266,G4,4,1,BRAKES,EFF,10.344828,1,0,7,5
267,G4,4,1,BRAKES,EFF,0.689655,1,0,7,5
268,G4,4,1,BRAKES,NO,4566.896551,1,1,7,5
270,G4,4,1,CONTROL PANELS,EFF,553.793104,1,0,9,6
271,G4,4,1,CONTROL PANELS,EFF,148.965518,1,0,9,6
272,G4,4,1,CONTROL PANELS,NO,4350.344826,1,1,9,6
274,G4,4,1,ELECTRICAL SYSTEM,EFF,0.689656,0,0,11,7
275,G4,4,1,ELECTRICAL SYSTEM,OMF,54.482758,0,0,11,7
276,G4,4,1,ELECTRICAL SYSTEM,EFF,2.75862,0,0,11,7
277,G4,4,1,ELECTRICAL SYSTEM,EFF,122.758621,0,0,11,7
278,G4,4,1,ELECTRICAL SYSTEM,EFF,2.068966,0,0,11,7
279,G4,4,1,ELECTRICAL SYSTEM,EFF,9.655172,0,0,11,7
280,G4,4,1,ELECTRICAL SYSTEM,NO,4860.689655,0,1,11,7
281,G4,4,1,ENGINE,NO,5053.103448,1,1,12,8
282,G4,4,1,FRAME/TOWING,NO,5053.103448,0,1,13,9
283,G4,4,1,FUEL SYSTEM,NO,5053.103448,0,1,14,10
284,G4,4,1,GFE,NO,5053.103448,1,1,15,11
285,G4,4,1,HVAC,EFF,206.896552,1,0,16,12
286,G4,4,1,HVAC,EFF,2.758621,1,0,16,12
287,G4,4,1,HVAC,EFF,322.758621,1,0,16,12
288,G4,4,1,HVAC,OMF,16.551724,1,0,16,12
289,G4,4,1,HVAC,EFF,0.689655,1,0,16,12
290,G4,4,1,HVAC,NO,4503.448275,1,1,16,12
291,G4,4,1,HYDRAULICS,EFF,193.793104,0,0,17,13
292,G4,4,1,HYDRAULICS,NO,4859.310344,0,1,17,13
295,G4,4,1,PROPELLER/SHAFTS,NO,5053.103448,0,1,19,14
296,G4,4,1,RADIOS,EFF,159.310345,1,0,20,15
297,G4,4,1,RADIOS,EFF,122.758621,1,0,20,15
298,G4,4,1,RADIOS,EFF,77.24138,1,0,20,15
299,G4,4,1,RADIOS,EFF,93.793103,1,0,20,15
300,G4,4,1,RADIOS,EFF,42.75862,1,0,20,15
301,G4,4,1,RADIOS,NO,4557.241379,1,1,20,15
302,G4,4,1,STEERING,NO,5053.103448,1,1,21,16
303,G4,4,1,SUSPENSION,EFF,0.689655,1,0,22,17
304,G4,4,1,SUSPENSION,EFF,0,1,0,22,17
305,G4,4,1,SUSPENSION,EFF,0,1,0,22,17
306,G4,4,1,SUSPENSION,EFF,0,1,0,22,17
307,G4,4,1,SUSPENSION,NO,5052.413793,1,1,22,17
310,G4,4,1,WARN/SCAN/SIGNAL,EFF,1069.655172,0,0,25,18
311,G4,4,1,WARN/SCAN/SIGNAL,EFF,40,0,0,25,18
312,G4,4,1,WARN/SCAN/SIGNAL,EFF,16.551725,0,0,25,18
313,G4,4,1,WARN/SCAN/SIGNAL,EFF,88.965517,0,0,25,18
314,G4,4,1,WARN/SCAN/SIGNAL,EFF,553.793104,0,0,25,18
315,G4,4,1,WARN/SCAN/SIGNAL,EFF,388.275862,0,0,25,18
316,G4,4,1,WARN/SCAN/SIGNAL,EFF,214.482758,0,0,25,18
317,G4,4,1,WARN/SCAN/SIGNAL,EFF,100.689655,0,0,25,18
318,G4,4,1,WARN/SCAN/SIGNAL,EFF,15.172414,0,0,25,18
319,G4,4,1,WARN/SCAN/SIGNAL,EFF,2.758621,0,0,25,18
320,G4,4,1,WARN/SCAN/SIGNAL,EFF,51.034483,0,0,25,18
321,G4,4,1,WARN/SCAN/SIGNAL,EFF,9.655172,0,0,25,18
322,G4,4,1,WARN/SCAN/SIGNAL,EFF,126.896551,0,0,25,18
323,G4,4,1,WARN/SCAN/SIGNAL,EFF,77.241379,0,0,25,18
324,G4,4,1,WARN/SCAN/SIGNAL,EFF,93.793103,0,0,25,18
325,G4,4,1,WARN/SCAN/SIGNAL,EFF,0,0,0,25,18
326,G4,4,1,WARN/SCAN/SIGNAL,EFF,43.448276,0,0,25,18
327,G4,4,1,WARN/SCAN/SIGNAL,EFF,273.793103,0,0,25,18
328,G4,4,1,WARN/SCAN/SIGNAL,NO,1886.896553,0,1,25,18
329,G4,4,1,WHEELS/TIRES,NO,5053.103448,1,1,26,19
330,G4,4,2,ACCESSORIES,EFF,131.034482,0,0,1,1
331,G4,4,2,ACCESSORIES,NO,5327.586208,0,1,1,1
332,G4,4,2,AFES,EFF,366.896552,1,0,2,2
333,G4,4,2,AFES,NO,5091.724138,1,1,2,2
335,G4,4,2,AXLES/GEARED HUBS,EFF,3.448276,0,0,4,3
336,G4,4,2,AXLES/GEARED HUBS,EFF,87.586207,0,0,4,3
337,G4,4,2,AXLES/GEARED HUBS,NO,5367.586207,0,1,4,3
339,G4,4,2,BODY/CAB/HOOD/HULL,NO,5458.62069,0,1,6,4
340,G4,4,2,BRAKES,EFF,12.413793,1,0,7,5
341,G4,4,2,BRAKES,EFF,130.344827,1,0,7,5
342,G4,4,2,BRAKES,EFF,184.137931,1,0,7,5
343,G4,4,2,BRAKES,OMF,11.034483,1,0,7,5
344,G4,4,2,BRAKES,OMF,24.827586,1,0,7,5
345,G4,4,2,BRAKES,EFF,104.137931,1,0,7,5
346,G4,4,2,BRAKES,EFF,87.586207,1,0,7,5
347,G4,4,2,BRAKES,OMF,84.827587,1,0,7,5
348,G4,4,2,BRAKES,EFF,230.344827,1,0,7,5
349,G4,4,2,BRAKES,EFF,11.724138,1,0,7,5
350,G4,4,2,BRAKES,EFF,47.586207,1,0,7,5
351,G4,4,2,BRAKES,EFF,169.655172,1,0,7,5
352,G4,4,2,BRAKES,EFF,195.172414,1,0,7,5
353,G4,4,2,BRAKES,NO,4164.827587,1,1,7,5
355,G4,4,2,CONTROL PANELS,EFF,9.655173,1,0,9,6
356,G4,4,2,CONTROL PANELS,EFF,14.482758,1,0,9,6
357,G4,4,2,CONTROL PANELS,NO,5434.482759,1,1,9,6
359,G4,4,2,ELECTRICAL SYSTEM,OMF,26.896552,0,0,11,7
360,G4,4,2,ELECTRICAL SYSTEM,OMF,86.896552,0,0,11,7
361,G4,4,2,ELECTRICAL SYSTEM,EFF,5.517241,0,0,11,7
362,G4,4,2,ELECTRICAL SYSTEM,EFF,199.310345,0,0,11,7
363,G4,4,2,ELECTRICAL SYSTEM,EFF,70.344828,0,0,11,7
364,G4,4,2,ELECTRICAL SYSTEM,EFF,484.827586,0,0,11,7
365,G4,4,2,ELECTRICAL SYSTEM,EFF,23.448276,0,0,11,7
366,G4,4,2,ELECTRICAL SYSTEM,NO,4561.37931,0,1,11,7
367,G4,4,2,ENGINE,EFF,108.965517,1,0,12,8
368,G4,4,2,ENGINE,EFF,199.310345,1,0,12,8
369,G4,4,2,ENGINE,NO,5150.344828,1,1,12,8
370,G4,4,2,FRAME/TOWING,EFF,4.827587,0,0,13,9
371,G4,4,2,FRAME/TOWING,NO,5453.793103,0,1,13,9
372,G4,4,2,FUEL SYSTEM,EFF,26.896552,0,0,14,10
373,G4,4,2,FUEL SYSTEM,EFF,6.206897,0,0,14,10
374,G4,4,2,FUEL SYSTEM,NO,5425.517241,0,1,14,10
375,G4,4,2,GFE,EFF,242.75862,1,0,15,11
376,G4,4,2,GFE,NO,5215.86207,1,1,15,11
377,G4,4,2,HVAC,NO,5458.62069,1,1,16,12
378,G4,4,2,HYDRAULICS,EFF,86.896552,0,0,17,13
379,G4,4,2,HYDRAULICS,EFF,31.724138,0,0,17,13
380,G4,4,2,HYDRAULICS,EFF,11.724138,0,0,17,13
381,G4,4,2,HYDRAULICS,NO,5328.275862,0,1,17,13
384,G4,4,2,PROPELLER/SHAFTS,EFF,33.103448,0,0,19,14
385,G4,4,2,PROPELLER/SHAFTS,EFF,6.206896,0,0,19,14
386,G4,4,2,PROPELLER/SHAFTS,EFF,68.965517,0,0,19,14
387,G4,4,2,PROPELLER/SHAFTS,EFF,22.068965,0,0,19,14
388,G4,4,2,PROPELLER/SHAFTS,NO,5328.275864,0,1,19,14
389,G4,4,2,RADIOS,EFF,102.068965,1,0,20,15
390,G4,4,2,RADIOS,EFF,49.655173,1,0,20,15
391,G4,4,2,RADIOS,EFF,84.137931,1,0,20,15
392,G4,4,2,RADIOS,EFF,9.655173,1,0,20,15
393,G4,4,2,RADIOS,EFF,36.551724,1,0,20,15
394,G4,4,2,RADIOS,EFF,70.344828,1,0,20,15
395,G4,4,2,RADIOS,EFF,133.103448,1,0,20,15
396,G4,4,2,RADIOS,EFF,62.068966,1,0,20,15
397,G4,4,2,RADIOS,NO,4911.034482,1,1,20,15
398,G4,4,2,STEERING,EFF,14.482759,1,0,21,16
399,G4,4,2,STEERING,OMF,87.586207,1,0,21,16
400,G4,4,2,STEERING,EFF,87.586207,1,0,21,16
401,G4,4,2,STEERING,EFF,0,1,0,21,16
402,G4,4,2,STEERING,EFF,0,1,0,21,16
403,G4,4,2,STEERING,NO,5268.965517,1,1,21,16
404,G4,4,2,SUSPENSION,EFF,87.586207,1,0,22,17
405,G4,4,2,SUSPENSION,EFF,0,1,0,22,17
406,G4,4,2,SUSPENSION,EFF,122.068965,1,0,22,17
407,G4,4,2,SUSPENSION,OMF,66.206897,1,0,22,17
408,G4,4,2,SUSPENSION,EFF,40.689655,1,0,22,17
409,G4,4,2,SUSPENSION,EFF,10.344828,1,0,22,17
410,G4,4,2,SUSPENSION,EFF,169.655172,1,0,22,17
411,G4,4,2,SUSPENSION,EFF,0,1,0,22,17
412,G4,4,2,SUSPENSION,EFF,0,1,0,22,17
413,G4,4,2,SUSPENSION,EFF,0,1,0,22,17
414,G4,4,2,SUSPENSION,EFF,195.172414,1,0,22,17
415,G4,4,2,SUSPENSION,EFF,0,1,0,22,17
416,G4,4,2,SUSPENSION,EFF,0,1,0,22,17
417,G4,4,2,SUSPENSION,EFF,0,1,0,22,17
418,G4,4,2,SUSPENSION,EFF,0,1,0,22,17
419,G4,4,2,SUSPENSION,EFF,0,1,0,22,17
420,G4,4,2,SUSPENSION,NO,4766.896552,1,1,22,17
423,G4,4,2,WARN/SCAN/SIGNAL,EFF,26.896552,0,0,25,18
424,G4,4,2,WARN/SCAN/SIGNAL,EFF,55.172414,0,0,25,18
425,G4,4,2,WARN/SCAN/SIGNAL,EFF,97.241379,0,0,25,18
426,G4,4,2,WARN/SCAN/SIGNAL,EFF,76.551724,0,0,25,18
427,G4,4,2,WARN/SCAN/SIGNAL,EFF,49.655172,0,0,25,18
428,G4,4,2,WARN/SCAN/SIGNAL,EFF,46.206897,0,0,25,18
429,G4,4,2,WARN/SCAN/SIGNAL,EFF,230.344827,0,0,25,18
430,G4,4,2,WARN/SCAN/SIGNAL,EFF,88.275862,0,0,25,18
431,G4,4,2,WARN/SCAN/SIGNAL,EFF,16.551725,0,0,25,18
432,G4,4,2,WARN/SCAN/SIGNAL,EFF,22.068965,0,0,25,18
433,G4,4,2,WARN/SCAN/SIGNAL,NO,4749.655173,0,1,25,18
434,G4,4,2,WHEELS/TIRES,NO,5458.62069,1,1,26,19
435,G4,4,3,ACCESSORIES,NO,6475.862069,0,1,1,1
436,G4,4,3,AFES,EFF,8.965517,1,0,2,2
437,G4,4,3,AFES,NO,6466.896552,1,1,2,2
439,G4,4,3,AXLES/GEARED HUBS,OMF,553.10345,0,0,4,3
440,G4,4,3,AXLES/GEARED HUBS,EFF,1100,0,0,4,3
441,G4,4,3,AXLES/GEARED HUBS,NO,4822.758619,0,1,4,3
443,G4,4,3,BODY/CAB/HOOD/HULL,NO,6475.862069,0,1,6,4
444,G4,4,3,BRAKES,EFF,8.965518,1,0,7,5
445,G4,4,3,BRAKES,EFF,105.517241,1,0,7,5
446,G4,4,3,BRAKES,EFF,111.72414,1,0,7,5
447,G4,4,3,BRAKES,OMF,232.41379,1,0,7,5
448,G4,4,3,BRAKES,OMF,13.7931,1,0,7,5
449,G4,4,3,BRAKES,NO,6003.44828,1,1,7,5
451,G4,4,3,CONTROL PANELS,EFF,75.17241,1,0,9,6
452,G4,4,3,CONTROL PANELS,NO,6400.689659,1,1,9,6
454,G4,4,3,ELECTRICAL SYSTEM,EFF,2.068966,0,0,11,7
455,G4,4,3,ELECTRICAL SYSTEM,EFF,13.10344,0,0,11,7
456,G4,4,3,ELECTRICAL SYSTEM,NO,6460.689663,0,1,11,7
457,G4,4,3,ENGINE,NO,6475.862069,1,1,12,8
458,G4,4,3,FRAME/TOWING,NO,6475.862069,0,1,13,9
459,G4,4,3,FUEL SYSTEM,NO,6475.862069,0,1,14,10
460,G4,4,3,GFE,NO,6475.862069,1,1,15,11
461,G4,4,2,HVAC,EFF,0,1,0,16,12
462,G4,4,3,HVAC,OMF,427.586202,1,0,16,12
463,G4,4,3,HVAC,OMF,10.34483,1,0,16,12
464,G4,4,3,HVAC,OMF,375.17241,1,0,16,12
465,G4,4,3,HVAC,EFF,149.65517,1,0,16,12
466,G4,4,3,HVAC,NO,5513.103457,1,1,16,12
467,G4,4,3,HYDRAULICS,NO,6475.862069,0,1,17,13
469,G4,4,3,PROPELLER/SHAFTS,EFF,103.44828,0,0,19,14
470,G4,4,3,PROPELLER/SHAFTS,EFF,217.93104,0,0,19,14
471,G4,4,3,PROPELLER/SHAFTS,EFF,459.31035,0,0,19,14
472,G4,4,3,PROPELLER/SHAFTS,NO,5695.172399,0,1,19,14
473,G4,4,3,RADIOS,EFF,251.03448,1,0,20,15
474,G4,4,3,RADIOS,NO,6224.827589,1,1,20,15
475,G4,4,2,STEERING,EFF,0,1,0,21,16
476,G4,4,2,STEERING,EFF,0,1,0,21,16
477,G4,4,3,STEERING,EFF,106.89655,1,0,21,16
478,G4,4,3,STEERING,EFF,0,1,0,21,16
479,G4,4,3,STEERING,EFF,0,1,0,21,16
480,G4,4,3,STEERING,EFF,193.10345,1,0,21,16
481,G4,4,3,STEERING,NO,6175.862069,1,1,21,16
482,G4,4,3,SUSPENSION,EFF,8.965517,1,0,22,17
483,G4,4,3,SUSPENSION,EFF,193.10345,1,0,22,17
484,G4,4,3,SUSPENSION,NO,6273.793102,1,1,22,17
487,G4,4,3,WARN/SCAN/SIGNAL,EFF,132.413793,0,0,25,18
488,G4,4,3,WARN/SCAN/SIGNAL,EFF,410.34483,0,0,25,18
489,G4,4,3,WARN/SCAN/SIGNAL,EFF,13.7931,0,0,25,18
490,G4,4,3,WARN/SCAN/SIGNAL,EFF,13.10344,0,0,25,18
491,G4,4,3,WARN/SCAN/SIGNAL,EFF,162.06897,0,0,25,18
492,G4,4,3,WARN/SCAN/SIGNAL,NO,5744.137936,0,1,25,18
493,G4,4,3,WHEELS/TIRES,EFF,212.4138,1,0,26,19
494,G4,4,3,WHEELS/TIRES,NO,6263.448269,1,1,26,19
495,G9,4,1,ACCESSORIES,NO,3930.138,0,1,1,1
496,G9,4,1,AFES,EFF,69.862069,1,0,2,2
497,G9,4,1,AFES,NO,3860.275931,1,1,2,2
499,G9,4,1,AXLES/GEARED HUBS,EFF,34,0,0,4,3
500,G9,4,1,AXLES/GEARED HUBS,NO,3896.138,0,1,4,3
502,G9,4,1,BODY/CAB/HOOD/HULL,EFF,14,0,0,6,4
503,G9,4,1,BODY/CAB/HOOD/HULL,EFF,81.586207,0,0,6,4
504,G9,4,1,BODY/CAB/HOOD/HULL,EFF,9.24138,0,0,6,4
505,G9,4,1,BODY/CAB/HOOD/HULL,EFF,3.862069,0,0,6,4
506,G9,4,1,BODY/CAB/HOOD/HULL,EFF,8.068966,0,0,6,4
507,G9,4,1,BODY/CAB/HOOD/HULL,EFF,114.206896,0,0,6,4
508,G9,4,1,BODY/CAB/HOOD/HULL,NO,3699.172482,0,1,6,4
509,G9,4,1,BRAKES,NO,3930.138,1,1,7,5
513,G9,4,1,CONTROL PANELS,EFF,161.931035,1,0,9,6
514,G9,4,1,CONTROL PANELS,EFF,34.758621,1,0,9,6
515,G9,4,1,CONTROL PANELS,EFF,118.689655,1,0,9,6
516,G9,4,1,CONTROL PANELS,EFF,124.413793,1,0,9,6
517,G9,4,1,CONTROL PANELS,EFF,65.724138,1,0,9,6
518,G9,4,1,CONTROL PANELS,EFF,63.103448,1,0,9,6
519,G9,4,1,CONTROL PANELS,EFF,5.931035,1,0,9,6
520,G9,4,1,CONTROL PANELS,EFF,98.068966,1,0,9,6
521,G9,4,1,CONTROL PANELS,EFF,1.034483,1,0,9,6
522,G9,4,1,CONTROL PANELS,EFF,93.24138,1,0,9,6
523,G9,4,1,CONTROL PANELS,EFF,8.068966,1,0,9,6
524,G9,4,1,CONTROL PANELS,NO,3155.17248,1,1,9,6
526,G9,4,1,ELECTRICAL SYSTEM,EFF,0.965517,0,0,11,7
527,G9,4,1,ELECTRICAL SYSTEM,OMF,45.655173,0,0,11,7
528,G9,4,1,ELECTRICAL SYSTEM,OMF,2.965517,0,0,11,7
529,G9,4,1,ELECTRICAL SYSTEM,EFF,0,0,0,11,7
530,G9,4,1,ELECTRICAL SYSTEM,EFF,0.068965,0,0,11,7
531,G9,4,1,ELECTRICAL SYSTEM,NO,3880.482828,0,1,11,7
532,G9,4,1,ENGINE,EFF,1.655172,1,0,12,8
533,G9,4,1,ENGINE,EFF,50.275862,1,0,12,8
534,G9,4,1,ENGINE,EFF,18,1,0,12,8
535,G9,4,1,ENGINE,NO,3860.206966,1,1,12,8
536,G9,4,1,FRAME/TOWING,EFF,10.206896,0,0,13,9
537,G9,4,1,FRAME/TOWING,NO,3919.931104,0,1,13,9
538,G9,4,1,FUEL SYSTEM,EFF,69.034483,0,0,14,10
539,G9,4,1,FUEL SYSTEM,OMF,123.517241,0,0,14,10
540,G9,4,1,FUEL SYSTEM,EFF,0,0,0,14,10
541,G9,4,1,FUEL SYSTEM,EFF,37.103448,0,0,14,10
542,G9,4,1,FUEL SYSTEM,EFF,18,0,0,14,10
543,G9,4,1,FUEL SYSTEM,EFF,45.655173,0,0,14,10
544,G9,4,1,FUEL SYSTEM,NO,3636.827655,0,1,14,10
545,G9,4,1,GFE,EFF,39.034483,1,0,15,11
546,G9,4,1,GFE,NO,3891.103517,1,1,15,11
547,G9,4,1,HVAC,EFF,33.379311,1,0,16,12
548,G9,4,1,HVAC,NO,3896.758689,1,1,16,12
549,G9,4,1,HYDRAULICS,EFF,56.275862,0,0,17,13
550,G9,4,1,HYDRAULICS,EFF,21.241379,0,0,17,13
551,G9,4,1,HYDRAULICS,EFF,65.724138,0,0,17,13
552,G9,4,1,HYDRAULICS,EFF,37.862069,0,0,17,13
553,G9,4,1,HYDRAULICS,NO,3749.034552,0,1,17,13
555,G9,4,1,PROPELLER/SHAFTS,EFF,34,0,0,19,14
556,G9,4,1,PROPELLER/SHAFTS,NO,3896.138,0,1,19,14
557,G9,4,1,RADIOS,EFF,1055.586207,1,0,20,15
558,G9,4,1,RADIOS,EFF,22,1,0,20,15
559,G9,4,1,RADIOS,EFF,35.655173,1,0,20,15
560,G9,4,1,RADIOS,EFF,24.344827,1,0,20,15
561,G9,4,1,RADIOS,EFF,29.172414,1,0,20,15
562,G9,4,1,RADIOS,EFF,43.931034,1,0,20,15
563,G9,4,1,RADIOS,EFF,98.068966,1,0,20,15
564,G9,4,1,RADIOS,EFF,80.068965,1,0,20,15
565,G9,4,1,RADIOS,EFF,43.172414,1,0,20,15
566,G9,4,1,RADIOS,EFF,41.793103,1,0,20,15
567,G9,4,1,RADIOS,EFF,61.37931,1,0,20,15
568,G9,4,1,RADIOS,EFF,0,1,0,20,15
569,G9,4,1,RADIOS,EFF,40.551724,1,0,20,15
570,G9,4,1,RADIOS,EFF,23.172414,1,0,20,15
571,G9,4,1,RADIOS,EFF,114.206896,1,0,20,15
572,G9,4,1,RADIOS,EFF,63.172414,1,0,20,15
573,G9,4,1,RADIOS,EFF,0,1,0,20,15
574,G9,4,1,RADIOS,EFF,118.62069,1,0,20,15
575,G9,4,1,RADIOS,EFF,1.034482,1,0,20,15
576,G9,4,1,RADIOS,EFF,0,1,0,20,15
577,G9,4,1,RADIOS,EFF,30.62069,1,0,20,15
578,G9,4,1,RADIOS,EFF,0.068965,1,0,20,15
579,G9,4,1,RADIOS,NO,2003.517312,1,1,20,15
580,G9,4,1,STEERING,OMF,10.206896,1,0,21,16
581,G9,4,1,STEERING,OMF,1.655172,1,0,21,16
582,G9,4,1,STEERING,NO,3918.275932,1,1,21,16
583,G9,4,1,SUSPENSION,EFF,113.931034,1,0,22,17
584,G9,4,1,SUSPENSION,EFF,2.551724,1,0,22,17
585,G9,4,1,SUSPENSION,NO,3813.655242,1,1,22,17
589,G9,4,1,WARN/SCAN/SIGNAL,EFF,0.413793,0,0,25,18
590,G9,4,1,WARN/SCAN/SIGNAL,EFF,0.551724,0,0,25,18
591,G9,4,1,WARN/SCAN/SIGNAL,EFF,93.862069,0,0,25,18
592,G9,4,1,WARN/SCAN/SIGNAL,EFF,0,0,0,25,18
593,G9,4,1,WARN/SCAN/SIGNAL,EFF,23.931034,0,0,25,18
594,G9,4,1,WARN/SCAN/SIGNAL,EFF,205.586206,0,0,25,18
595,G9,4,1,WARN/SCAN/SIGNAL,EFF,0.137931,0,0,25,18
596,G9,4,1,WARN/SCAN/SIGNAL,EFF,7.517241,0,0,25,18
597,G9,4,1,WARN/SCAN/SIGNAL,EFF,0,0,0,25,18
598,G9,4,1,WARN/SCAN/SIGNAL,EFF,8.068966,0,0,25,18
599,G9,4,1,WARN/SCAN/SIGNAL,EFF,41.793103,0,0,25,18
600,G9,4,1,WARN/SCAN/SIGNAL,EFF,0,0,0,25,18
601,G9,4,1,WARN/SCAN/SIGNAL,EFF,24.827586,0,0,25,18
602,G9,4,1,WARN/SCAN/SIGNAL,EFF,10.413793,0,0,25,18
603,G9,4,1,WARN/SCAN/SIGNAL,EFF,24.068966,0,0,25,18
604,G9,4,1,WARN/SCAN/SIGNAL,EFF,2.551724,0,0,25,18
605,G9,4,1,WARN/SCAN/SIGNAL,EFF,30.62069,0,0,25,18
606,G9,4,1,WARN/SCAN/SIGNAL,EFF,39.310345,0,0,25,18
607,G9,4,1,WARN/SCAN/SIGNAL,EFF,6.137932,0,0,25,18
608,G9,4,1,WARN/SCAN/SIGNAL,EFF,0.068965,0,0,25,18
609,G9,4,1,WARN/SCAN/SIGNAL,NO,3410.275932,0,1,25,18
610,G9,4,1,WHEELS/TIRES,OMF,8,1,0,26,19
611,G9,4,1,WHEELS/TIRES,OMF,1.103449,1,0,26,19
612,G9,4,1,WHEELS/TIRES,NO,3921.034551,1,1,26,19
613,G9,4,2,ACCESSORIES,EFF,33.724138,0,0,1,1
614,G9,4,2,ACCESSORIES,NO,6687.655172,0,1,1,1
615,G9,4,2,AFES,EFF,0.137931,1,0,2,2
616,G9,4,2,AFES,NO,6721.241379,1,1,2,2
618,G9,4,2,AXLES/GEARED HUBS,EFF,50.275862,0,0,4,3
619,G9,4,2,AXLES/GEARED HUBS,EFF,59.586207,0,0,4,3
620,G9,4,2,AXLES/GEARED HUBS,EFF,111.724138,0,0,4,3
621,G9,4,2,AXLES/GEARED HUBS,EFF,182.413793,0,0,4,3
622,G9,4,2,AXLES/GEARED HUBS,NO,6317.37931,0,1,4,3
624,G9,4,2,BODY/CAB/HOOD/HULL,EFF,70.275862,0,0,6,4
625,G9,4,2,BODY/CAB/HOOD/HULL,EFF,59.586207,0,0,6,4
626,G9,4,2,BODY/CAB/HOOD/HULL,NO,6591.517241,0,1,6,4
627,G9,4,2,BRAKES,EFF,11.24138,1,0,7,5
628,G9,4,2,BRAKES,EFF,6.344827,1,0,7,5
629,G9,4,2,BRAKES,EFF,120.62069,1,0,7,5
630,G9,4,2,BRAKES,EFF,65.724138,1,0,7,5
631,G9,4,2,BRAKES,EFF,0.137931,1,0,7,5
632,G9,4,2,BRAKES,NO,6517.310344,1,1,7,5
634,G9,4,2,CONTROL PANELS,EFF,175.034483,1,0,9,6
635,G9,4,2,CONTROL PANELS,EFF,0.137931,1,0,9,6
636,G9,4,2,CONTROL PANELS,NO,6546.206896,1,1,9,6
638,G9,4,2,ELECTRICAL SYSTEM,EFF,2.137931,0,0,11,7
639,G9,4,2,ELECTRICAL SYSTEM,EFF,70.275862,0,0,11,7
640,G9,4,2,ELECTRICAL SYSTEM,EFF,3.862069,0,0,11,7
641,G9,4,2,ELECTRICAL SYSTEM,EFF,29.241379,0,0,11,7
642,G9,4,2,ELECTRICAL SYSTEM,NO,6615.862069,0,1,11,7
643,G9,4,2,ENGINE,EFF,8.896552,1,0,12,8
644,G9,4,2,ENGINE,EFF,74.62069,1,0,12,8
645,G9,4,2,ENGINE,EFF,142.551724,1,0,12,8
646,G9,4,2,ENGINE,EFF,70.896552,1,0,12,8
647,G9,4,2,ENGINE,OMF,27.586207,1,0,12,8
648,G9,4,2,ENGINE,EFF,60.275862,1,0,12,8
649,G9,4,2,ENGINE,NO,6336.551723,1,1,12,8
650,G9,4,2,FRAME/TOWING,EFF,90.827586,0,0,13,9
651,G9,4,2,FRAME/TOWING,NO,6630.551724,0,1,13,9
652,G9,4,2,FUEL SYSTEM,OMF,0.068965,0,0,14,10
653,G9,4,2,FUEL SYSTEM,OMF,3.310345,0,0,14,10
654,G9,4,2,FUEL SYSTEM,EFF,155.724138,0,0,14,10
655,G9,4,2,FUEL SYSTEM,EFF,70.275862,0,0,14,10
656,G9,4,2,FUEL SYSTEM,NO,6492,0,1,14,10
657,G9,4,2,GFE,EFF,49.586207,1,0,15,11
658,G9,4,2,GFE,NO,6671.793103,1,1,15,11
659,G9,4,2,HVAC,EFF,55.931035,1,0,16,12
660,G9,4,2,HVAC,EFF,4.551724,1,0,16,12
661,G9,4,2,HVAC,EFF,20.137931,1,0,16,12
662,G9,4,2,HVAC,EFF,101.310345,1,0,16,12
663,G9,4,2,HVAC,NO,6539.448275,1,1,16,12
664,G9,4,2,HYDRAULICS,EFF,112.275862,0,0,17,13
665,G9,4,2,HYDRAULICS,EFF,0.137931,0,0,17,13
666,G9,4,2,HYDRAULICS,NO,6608.965517,0,1,17,13
668,G9,4,2,PROPELLER/SHAFTS,NO,6721.37931,0,1,19,14
669,G9,4,2,RADIOS,EFF,18.344827,1,0,20,15
670,G9,4,2,RADIOS,EFF,35.24138,1,0,20,15
671,G9,4,2,RADIOS,EFF,10.413793,1,0,20,15
672,G9,4,2,RADIOS,EFF,203.448276,1,0,20,15
673,G9,4,2,RADIOS,EFF,34.482758,1,0,20,15
674,G9,4,2,RADIOS,EFF,142.551724,1,0,20,15
675,G9,4,2,RADIOS,EFF,4.551724,1,0,20,15
676,G9,4,2,RADIOS,EFF,62.827587,1,0,20,15
677,G9,4,2,RADIOS,EFF,94.689656,1,0,20,15
678,G9,4,2,RADIOS,EFF,87.37931,1,0,20,15
679,G9,4,2,RADIOS,EFF,0.068965,1,0,20,15
680,G9,4,2,RADIOS,EFF,137.448276,1,0,20,15
681,G9,4,2,RADIOS,EFF,52.965517,1,0,20,15
682,G9,4,2,RADIOS,EFF,0.137932,1,0,20,15
683,G9,4,2,RADIOS,EFF,35.448275,1,0,20,15
684,G9,4,2,RADIOS,EFF,225.448276,1,0,20,15
685,G9,4,2,RADIOS,EFF,56.206897,1,0,20,15
686,G9,4,2,RADIOS,EFF,125.655172,1,0,20,15
687,G9,4,2,RADIOS,EFF,43.379311,1,0,20,15
688,G9,4,2,RADIOS,EFF,19.172414,1,0,20,15
689,G9,4,2,RADIOS,EFF,13.517241,1,0,20,15
690,G9,4,2,RADIOS,EFF,516.758621,1,0,20,15
691,G9,4,2,RADIOS,EFF,33.724138,1,0,20,15
692,G9,4,2,RADIOS,EFF,217.034483,1,0,20,15
693,G9,4,2,RADIOS,EFF,5.034482,1,0,20,15
694,G9,4,2,RADIOS,EFF,237.37931,1,0,20,15
695,G9,4,2,RADIOS,EFF,334.137931,1,0,20,15
696,G9,4,2,RADIOS,EFF,87.793104,1,0,20,15
697,G9,4,2,RADIOS,EFF,23.310345,1,0,20,15
698,G9,4,2,RADIOS,EFF,5.517241,1,0,20,15
699,G9,4,2,RADIOS,NO,3857.310344,1,1,20,15
700,G9,4,2,STEERING,EFF,11.24138,1,0,21,16
701,G9,4,2,STEERING,EFF,34.482758,1,0,21,16
702,G9,4,2,STEERING,EFF,45.586207,1,0,21,16
703,G9,4,2,STEERING,EFF,0,1,0,21,16
704,G9,4,2,STEERING,EFF,19.172414,1,0,21,16
705,G9,4,2,STEERING,EFF,120.62069,1,0,21,16
706,G9,4,2,STEERING,EFF,0.137931,1,0,21,16
707,G9,4,2,STEERING,NO,6490.13793,1,1,21,16
708,G9,4,2,SUSPENSION,EFF,0.137931,1,0,22,17
709,G9,4,2,SUSPENSION,EFF,0,1,0,22,17
710,G9,4,2,SUSPENSION,NO,6721.241379,1,1,22,17
713,G9,4,2,WARN/SCAN/SIGNAL,EFF,18.689655,0,0,25,18
714,G9,4,2,WARN/SCAN/SIGNAL,EFF,288.827586,0,0,25,18
715,G9,4,2,WARN/SCAN/SIGNAL,EFF,29.241379,0,0,25,18
716,G9,4,2,WARN/SCAN/SIGNAL,EFF,145.724138,0,0,25,18
717,G9,4,2,WARN/SCAN/SIGNAL,EFF,175.37931,0,0,25,18
718,G9,4,2,WARN/SCAN/SIGNAL,EFF,217.034483,0,0,25,18
719,G9,4,2,WARN/SCAN/SIGNAL,EFF,263.172414,0,0,25,18
720,G9,4,2,WARN/SCAN/SIGNAL,NO,5583.310345,0,1,25,18
721,G9,4,2,WHEELS/TIRES,EFF,48,1,0,26,19
722,G9,4,2,WHEELS/TIRES,EFF,78.75862,1,0,26,19
723,G9,4,2,WHEELS/TIRES,EFF,24.896551,1,0,26,19
724,G9,4,2,WHEELS/TIRES,NO,6569.724139,1,1,26,19
725,G9,4,3,ACCESSORIES,NO,6260,0,1,1,1
726,G9,4,3,AFES,NO,6260,1,1,2,2
728,G9,4,3,AXLES/GEARED HUBS,EFF,132.96552,0,0,4,3
729,G9,4,3,AXLES/GEARED HUBS,EFF,33.72414,0,0,4,3
730,G9,4,3,AXLES/GEARED HUBS,EFF,19.37931,0,0,4,3
731,G9,4,3,AXLES/GEARED HUBS,EFF,70.62069,0,0,4,3
732,G9,4,3,AXLES/GEARED HUBS,EFF,42.75862,0,0,4,3
733,G9,4,3,AXLES/GEARED HUBS,EFF,57.51725,0,0,4,3
734,G9,4,3,AXLES/GEARED HUBS,EFF,372.68965,0,0,4,3
735,G9,4,3,AXLES/GEARED HUBS,EFF,14.75862,0,0,4,3
736,G9,4,3,AXLES/GEARED HUBS,EFF,52.13793,0,0,4,3
737,G9,4,3,AXLES/GEARED HUBS,EFF,50.41379,0,0,4,3
738,G9,4,3,AXLES/GEARED HUBS,NO,5413.03448,0,1,4,3
740,G9,4,3,BODY/CAB/HOOD/HULL,EFF,110.96552,0,0,6,4
741,G9,4,3,BODY/CAB/HOOD/HULL,NO,6149.03448,0,1,6,4
742,G9,4,3,BRAKES,EFF,90.13793,1,0,7,5
743,G9,4,3,BRAKES,EFF,38.62069,1,0,7,5
744,G9,4,3,BRAKES,EFF,158.27586,1,0,7,5
745,G9,4,3,BRAKES,NO,5972.96552,1,1,7,5
747,G9,4,3,CONTROL PANELS,EFF,55.034483,1,0,9,6
748,G9,4,3,CONTROL PANELS,EFF,636.34483,1,0,9,6
749,G9,4,3,CONTROL PANELS,NO,5568.620687,1,1,9,6
751,G9,4,3,ELECTRICAL SYSTEM,OMF,198.75862,0,0,11,7
752,G9,4,3,ELECTRICAL SYSTEM,EFF,193.17241,0,0,11,7
753,G9,4,3,ELECTRICAL SYSTEM,EFF,77.65517,0,0,11,7
754,G9,4,3,ELECTRICAL SYSTEM,NO,5790.4138,0,1,11,7
755,G9,4,3,ENGINE,OMF,68.55172,1,0,12,8
756,G9,4,3,ENGINE,EFF,193.17241,1,0,12,8
757,G9,4,3,ENGINE,EFF,52.62069,1,0,12,8
758,G9,4,3,ENGINE,EFF,125.10345,1,0,12,8
759,G9,4,3,ENGINE,EFF,95.10345,1,0,12,8
760,G9,4,3,ENGINE,EFF,128.89655,1,0,12,8
761,G9,4,3,ENGINE,NO,5596.55173,1,1,12,8
762,G9,4,3,FRAME/TOWING,EFF,15.58621,0,0,13,9
763,G9,4,3,FRAME/TOWING,NO,6244.41379,0,1,13,9
764,G9,4,3,FUEL SYSTEM,EFF,8.275862,0,0,14,10
765,G9,4,3,FUEL SYSTEM,EFF,141.03448,0,0,14,10
766,G9,4,3,FUEL SYSTEM,EFF,166.48276,0,0,14,10
767,G9,4,3,FUEL SYSTEM,EFF,0.2069,0,0,14,10
768,G9,4,3,FUEL SYSTEM,NO,5943.999998,0,1,14,10
769,G9,4,3,GFE,EFF,39.51724,1,0,15,11
770,G9,4,3,GFE,NO,6220.48276,1,1,15,11
771,G9,4,3,HVAC,OMF,219.17241,1,0,16,12
772,G9,4,3,HVAC,EFF,64.89655,1,0,16,12
773,G9,4,3,HVAC,EFF,3.51724,1,0,16,12
774,G9,4,3,HVAC,NO,5972.4138,1,1,16,12
775,G9,4,2,HYDRAULICS,EFF,0,0,0,17,13
776,G9,4,3,HYDRAULICS,NO,6260,0,1,17,13
778,G9,4,3,PROPELLER/SHAFTS,NO,6260,0,1,19,14
779,G9,4,3,RADIOS,EFF,476.34483,1,0,20,15
780,G9,4,3,RADIOS,EFF,238.48276,1,0,20,15
781,G9,4,3,RADIOS,EFF,110.96552,1,0,20,15
782,G9,4,3,RADIOS,EFF,52.62069,1,0,20,15
783,G9,4,3,RADIOS,EFF,38.62069,1,0,20,15
784,G9,4,3,RADIOS,EFF,0,1,0,20,15
785,G9,4,3,RADIOS,EFF,34.2069,1,0,20,15
786,G9,4,3,RADIOS,EFF,166.48276,1,0,20,15
787,G9,4,3,RADIOS,EFF,70.27586,1,0,20,15
788,G9,4,3,RADIOS,EFF,37.17241,1,0,20,15
789,G9,4,3,RADIOS,EFF,110.48276,1,0,20,15
790,G9,4,3,RADIOS,EFF,14.82758,1,0,20,15
791,G9,4,3,RADIOS,EFF,104.89656,1,0,20,15
792,G9,4,3,RADIOS,EFF,636.34483,1,0,20,15
793,G9,4,3,RADIOS,NO,4168.27585,1,1,20,15
794,G9,4,3,STEERING,EFF,206.206893,1,0,21,16
795,G9,4,3,STEERING,EFF,91.58621,1,0,21,16
796,G9,4,3,STEERING,NO,5962.206897,1,1,21,16
797,G9,4,3,SUSPENSION,EFF,38.62069,1,0,22,17
798,G9,4,3,SUSPENSION,EFF,51.86207,1,0,22,17
799,G9,4,3,SUSPENSION,EFF,27.03448,1,0,22,17
800,G9,4,3,SUSPENSION,NO,6142.48276,1,1,22,17
803,G9,4,3,WARN/SCAN/SIGNAL,EFF,148.689655,0,0,25,18
804,G9,4,3,WARN/SCAN/SIGNAL,EFF,12.55173,0,0,25,18
805,G9,4,3,WARN/SCAN/SIGNAL,EFF,75.51724,0,0,25,18
806,G9,4,3,WARN/SCAN/SIGNAL,NO,6023.241375,0,1,25,18
807,G9,4,3,WHEELS/TIRES,EFF,141.03448,1,0,26,19
808,G9,4,3,WHEELS/TIRES,NO,6118.96552,1,1,26,19
809,H4,4,1,ACCESSORIES,NO,4442.137931,0,1,1,1
810,H4,4,1,AFES,EFF,128.068965,1,0,2,2
811,H4,4,1,AFES,EFF,81.931034,1,0,2,2
812,H4,4,1,AFES,EFF,21.448276,1,0,2,2
813,H4,4,1,AFES,EFF,188.896552,1,0,2,2
814,H4,4,1,AFES,EFF,46,1,0,2,2
815,H4,4,1,AFES,NO,3975.793104,1,1,2,2
817,H4,4,1,AXLES/GEARED HUBS,EFF,47.448276,0,0,4,3
818,H4,4,1,AXLES/GEARED HUBS,NO,4394.689655,0,1,4,3
820,H4,4,1,BODY/CAB/HOOD/HULL,EFF,119.310345,0,0,6,4
821,H4,4,1,BODY/CAB/HOOD/HULL,NO,4322.827586,0,1,6,4
822,H4,4,1,BRAKES,EFF,1059.310345,1,0,7,5
823,H4,4,1,BRAKES,EFF,130.068966,1,0,7,5
824,H4,4,1,BRAKES,EFF,64.689655,1,0,7,5
825,H4,4,1,BRAKES,EFF,4.275862,1,0,7,5
826,H4,4,1,BRAKES,EFF,0,1,0,7,5
827,H4,4,1,BRAKES,NO,3183.793103,1,1,7,5
829,H4,4,1,CONTROL PANELS,EFF,48.413793,1,0,9,6
830,H4,4,1,CONTROL PANELS,EFF,127.724138,1,0,9,6
831,H4,4,1,CONTROL PANELS,EFF,129.24138,1,0,9,6
832,H4,4,1,CONTROL PANELS,EFF,6.068965,1,0,9,6
833,H4,4,1,CONTROL PANELS,EFF,220.482759,1,0,9,6
834,H4,4,1,CONTROL PANELS,NO,3910.206896,1,1,9,6
836,H4,4,1,ELECTRICAL SYSTEM,EFF,50,0,0,11,7
837,H4,4,1,ELECTRICAL SYSTEM,NO,4392.137931,0,1,11,7
838,H4,4,1,ENGINE,EFF,138,1,0,12,8
839,H4,4,1,ENGINE,EFF,79.586207,1,0,12,8
840,H4,4,1,ENGINE,EFF,35.172414,1,0,12,8
841,H4,4,1,ENGINE,EFF,19.862069,1,0,12,8
842,H4,4,1,ENGINE,EFF,19.862069,1,0,12,8
843,H4,4,1,ENGINE,NO,4149.655172,1,1,12,8
844,H4,4,1,FRAME/TOWING,NO,4442.137931,0,1,13,9
845,H4,4,1,FUEL SYSTEM,OMF,64.689655,0,0,14,10
846,H4,4,1,FUEL SYSTEM,EFF,0,0,0,14,10
847,H4,4,1,FUEL SYSTEM,EFF,190.896551,0,0,14,10
848,H4,4,1,FUEL SYSTEM,NO,4186.551725,0,1,14,10
849,H4,4,1,GFE,EFF,276.965517,1,0,15,11
850,H4,4,1,GFE,NO,4165.172414,1,1,15,11
851,H4,4,1,HVAC,EFF,37.241379,1,0,16,12
852,H4,4,1,HVAC,NO,4404.896552,1,1,16,12
853,H4,4,1,HYDRAULICS,EFF,257.586207,0,0,17,13
854,H4,4,1,HYDRAULICS,EFF,47.448276,0,0,17,13
855,H4,4,1,HYDRAULICS,NO,4137.103448,0,1,17,13
858,H4,4,1,PROPELLER/SHAFTS,NO,4442.137931,0,1,19,14
859,H4,4,1,RADIOS,EFF,83.931035,1,0,20,15
860,H4,4,1,RADIOS,EFF,28.689655,1,0,20,15
861,H4,4,1,RADIOS,EFF,15.034483,1,0,20,15
862,H4,4,1,RADIOS,EFF,103.862069,1,0,20,15
863,H4,4,1,RADIOS,EFF,135.034483,1,0,20,15
864,H4,4,1,RADIOS,EFF,92.689655,1,0,20,15
865,H4,4,1,RADIOS,EFF,46,1,0,20,15
866,H4,4,1,RADIOS,NO,3936.896551,1,1,20,15
867,H4,4,1,STEERING,NO,4442.137931,1,1,21,16
868,H4,4,1,SUSPENSION,NO,4442.137931,1,1,22,17
871,H4,4,1,WARN/SCAN/SIGNAL,EFF,80.344828,0,0,25,18
872,H4,4,1,WARN/SCAN/SIGNAL,EFF,16.689655,0,0,25,18
873,H4,4,1,WARN/SCAN/SIGNAL,EFF,0,0,0,25,18
874,H4,4,1,WARN/SCAN/SIGNAL,EFF,53.655172,0,0,25,18
875,H4,4,1,WARN/SCAN/SIGNAL,EFF,138,0,0,25,18
876,H4,4,1,WARN/SCAN/SIGNAL,EFF,100.689655,0,0,25,18
877,H4,4,1,WARN/SCAN/SIGNAL,EFF,5.655172,0,0,25,18
878,H4,4,1,WARN/SCAN/SIGNAL,EFF,19.862069,0,0,25,18
879,H4,4,1,WARN/SCAN/SIGNAL,EFF,47.448276,0,0,25,18
880,H4,4,1,WARN/SCAN/SIGNAL,NO,3979.793104,0,1,26,19
881,H4,4,1,WHEELS/TIRES,NO,4442.137931,1,1,26,19
882,H4,4,2,ACCESSORIES,NO,7540,0,1,1,1
883,H4,4,2,AFES,EFF,94.137931,1,0,2,2
884,H4,4,2,AFES,OMF,30.82758,1,0,2,2
885,H4,4,2,AFES,NO,7415.034489,1,1,2,2
887,H4,4,2,AXLES/GEARED HUBS,EFF,19.724138,0,0,4,3
888,H4,4,2,AXLES/GEARED HUBS,EFF,264.965517,0,0,4,3
889,H4,4,2,AXLES/GEARED HUBS,EFF,13.793103,0,0,4,3
890,H4,4,2,AXLES/GEARED HUBS,EFF,14.06896,0,0,4,3
891,H4,4,2,AXLES/GEARED HUBS,NO,7227.448282,0,1,4,3
893,H4,4,2,BODY/CAB/HOOD/HULL,OMF,34.275862,0,0,6,4
894,H4,4,2,BODY/CAB/HOOD/HULL,EFF,23.448275,0,0,6,4
895,H4,4,2,BODY/CAB/HOOD/HULL,EFF,234.413793,0,0,6,4
896,H4,4,2,BODY/CAB/HOOD/HULL,EFF,0,0,0,6,4
897,H4,4,2,BODY/CAB/HOOD/HULL,EFF,0,0,0,6,4
898,H4,4,2,BODY/CAB/HOOD/HULL,EFF,40.758621,0,0,6,4
899,H4,4,2,BODY/CAB/HOOD/HULL,EFF,445.862069,0,0,6,4
900,H4,4,2,BODY/CAB/HOOD/HULL,OMF,198.413793,0,0,6,4
901,H4,4,2,BODY/CAB/HOOD/HULL,EFF,81.10344,0,0,6,4
902,H4,4,2,BODY/CAB/HOOD/HULL,NO,6481.724147,0,1,6,4
903,H4,4,2,BRAKES,EFF,8.551724,1,0,7,5
904,H4,4,2,BRAKES,NO,7531.448276,1,1,7,5
906,H4,4,2,CONTROL PANELS,EFF,74.62069,1,0,9,6
907,H4,4,2,CONTROL PANELS,EFF,0.758621,1,0,9,6
908,H4,4,2,CONTROL PANELS,EFF,6.137931,1,0,9,6
909,H4,4,2,CONTROL PANELS,EFF,16.827586,1,0,9,6
910,H4,4,2,CONTROL PANELS,NO,7441.655172,1,1,9,6
912,H4,4,2,ELECTRICAL SYSTEM,OMF,43.793103,0,0,11,7
913,H4,4,2,ELECTRICAL SYSTEM,EFF,5.103449,0,0,11,7
914,H4,4,2,ELECTRICAL SYSTEM,EFF,234.413793,0,0,11,7
915,H4,4,2,ELECTRICAL SYSTEM,EFF,3.103448,0,0,11,7
916,H4,4,2,ELECTRICAL SYSTEM,EFF,0,0,0,11,7
917,H4,4,2,ELECTRICAL SYSTEM,EFF,0,0,0,11,7
918,H4,4,2,ELECTRICAL SYSTEM,EFF,241.586207,0,0,11,7
919,H4,4,2,ELECTRICAL SYSTEM,EFF,174.482759,0,0,11,7
920,H4,4,2,ELECTRICAL SYSTEM,EFF,8.551724,0,0,11,7
921,H4,4,2,ELECTRICAL SYSTEM,EFF,171.79311,0,0,11,7
922,H4,4,2,ELECTRICAL SYSTEM,NO,6657.172407,0,1,11,7
923,H4,4,2,ENGINE,EFF,3.103448,1,0,12,8
924,H4,4,2,ENGINE,EFF,211.86207,1,0,12,8
925,H4,4,2,ENGINE,EFF,171.79311,1,0,12,8
926,H4,4,2,ENGINE,NO,7153.241372,1,1,12,8
927,H4,4,2,FRAME/TOWING,NO,7540,0,1,13,9
928,H4,4,2,FUEL SYSTEM,EFF,133.37931,0,0,14,10
929,H4,4,2,FUEL SYSTEM,EFF,233.931034,0,0,14,10
930,H4,4,2,FUEL SYSTEM,EFF,198.413793,0,0,14,10
931,H4,4,2,FUEL SYSTEM,NO,6974.275863,0,1,14,10
932,H4,4,2,GFE,EFF,105.931035,1,0,15,11
933,H4,4,2,GFE,EFF,171.448276,1,0,15,11
934,H4,4,2,GFE,EFF,74.413796,1,0,15,11
935,H4,4,2,GFE,NO,7188.206893,1,1,15,11
936,H4,4,2,HVAC,OMF,74.62069,1,0,16,12
937,H4,4,2,HVAC,EFF,6,1,0,16,12
938,H4,4,2,HVAC,NO,7459.37931,1,1,16,12
939,H4,4,2,HYDRAULICS,EFF,27.172414,0,0,17,13
940,H4,4,2,HYDRAULICS,NO,7512.827586,0,1,17,13
942,H4,4,2,PROPELLER/SHAFTS,NO,7540,0,1,19,14
943,H4,4,2,RADIOS,EFF,19.724138,1,0,20,15
944,H4,4,2,RADIOS,EFF,220.551724,1,0,20,15
945,H4,4,2,RADIOS,EFF,83.034483,1,0,20,15
946,H4,4,2,RADIOS,OMF,83.034483,1,0,20,15
947,H4,4,2,RADIOS,EFF,138.758621,1,0,20,15
948,H4,4,2,RADIOS,EFF,34.275862,1,0,20,15
949,H4,4,2,RADIOS,EFF,165.172413,1,0,20,15
950,H4,4,2,RADIOS,EFF,125.310345,1,0,20,15
951,H4,4,2,RADIOS,EFF,95.172414,1,0,20,15
952,H4,4,2,RADIOS,EFF,62.206897,1,0,20,15
953,H4,4,2,RADIOS,EFF,2.344828,1,0,20,15
954,H4,4,2,RADIOS,EFF,53.310344,1,0,20,15
955,H4,4,2,RADIOS,EFF,105.862069,1,0,20,15
956,H4,4,2,RADIOS,EFF,0.068965,1,0,20,15
957,H4,4,2,RADIOS,EFF,0,1,0,20,15
958,H4,4,2,RADIOS,EFF,71.172414,1,0,20,15
959,H4,4,2,RADIOS,OMF,94.137931,1,0,20,15
960,H4,4,2,RADIOS,EFF,510.827587,1,0,20,15
961,H4,4,2,RADIOS,EFF,445.862069,1,0,20,15
962,H4,4,2,RADIOS,EFF,42.896552,1,0,20,15
963,H4,4,2,RADIOS,OMF,16.827586,1,0,20,15
964,H4,4,2,RADIOS,EFF,5.03449,1,0,20,15
965,H4,4,2,RADIOS,EFF,81.10344,1,0,20,15
966,H4,4,2,RADIOS,NO,5083.310345,1,1,20,15
967,H4,4,2,STEERING,EFF,26.413793,1,0,21,16
968,H4,4,2,STEERING,EFF,0,1,0,21,16
969,H4,4,2,STEERING,EFF,366.275862,1,0,21,16
970,H4,4,2,STEERING,EFF,0,1,0,21,16
971,H4,4,2,STEERING,EFF,171.79311,1,0,21,16
972,H4,4,2,STEERING,NO,6975.517235,1,1,21,16
973,H4,4,2,SUSPENSION,EFF,32.344828,1,0,22,17
974,H4,4,2,SUSPENSION,EFF,81.241379,1,0,22,17
975,H4,4,2,SUSPENSION,OMF,12.62069,1,0,22,17
976,H4,4,2,SUSPENSION,EFF,71.172414,1,0,22,17
977,H4,4,2,SUSPENSION,EFF,6.344827,1,0,22,17
978,H4,4,2,SUSPENSION,NO,7336.275862,1,1,22,17
982,H4,4,2,WARN/SCAN/SIGNAL,EFF,301.034483,0,0,25,18
983,H4,4,2,WARN/SCAN/SIGNAL,EFF,34.275862,0,0,25,18
984,H4,4,2,WARN/SCAN/SIGNAL,EFF,63.586206,0,0,25,18
985,H4,4,2,WARN/SCAN/SIGNAL,EFF,2.827586,0,0,25,18
986,H4,4,2,WARN/SCAN/SIGNAL,EFF,4,0,0,25,18
987,H4,4,2,WARN/SCAN/SIGNAL,EFF,193.586207,0,0,25,18
988,H4,4,2,WARN/SCAN/SIGNAL,EFF,83.37931,0,0,25,18
989,H4,4,2,WARN/SCAN/SIGNAL,EFF,233.931034,0,0,25,18
990,H4,4,2,WARN/SCAN/SIGNAL,EFF,8.551725,0,0,25,18
991,H4,4,2,WARN/SCAN/SIGNAL,EFF,36.82758,0,0,25,18
992,H4,4,2,WARN/SCAN/SIGNAL,EFF,21.03449,0,0,25,18
993,H4,4,2,WARN/SCAN/SIGNAL,EFF,97.44828,0,0,25,18
994,H4,4,2,WARN/SCAN/SIGNAL,EFF,4.2069,0,0,25,18
995,H4,4,2,WARN/SCAN/SIGNAL,EFF,10.20689,0,0,25,18
996,H4,4,2,WARN/SCAN/SIGNAL,EFF,43.51724,0,0,25,18
997,H4,4,2,WARN/SCAN/SIGNAL,EFF,79.86207,0,0,25,18
998,H4,4,2,WARN/SCAN/SIGNAL,EFF,60.06897,0,0,25,18
999,H4,4,2,WARN/SCAN/SIGNAL,EFF,14.06896,0,0,25,18
1000,H4,4,2,WARN/SCAN/SIGNAL,NO,6247.586207,0,1,25,18
1001,H4,4,2,WHEELS/TIRES,EFF,83.034483,1,0,26,19
1002,H4,4,2,WHEELS/TIRES,EFF,71.172414,1,0,26,19
1003,H4,4,2,WHEELS/TIRES,EFF,39.103448,1,0,26,19
1004,H4,4,2,WHEELS/TIRES,NO,7346.689655,1,1,26,19
1005,H4,4,3,ACCESSORIES,EFF,81.37931,0,0,1,1
1006,H4,4,3,ACCESSORIES,EFF,114.13793,0,0,1,1
1007,H4,4,3,ACCESSORIES,NO,4733.448277,0,1,1,1
1008,H4,4,3,AFES,OMF,176.06896,1,0,2,2
1009,H4,4,3,AFES,NO,4752.896557,1,1,2,2
1011,H4,4,3,AXLES/GEARED HUBS,EFF,0.13793,0,0,4,3
1012,H4,4,3,AXLES/GEARED HUBS,EFF,0,0,0,4,3
1013,H4,4,3,AXLES/GEARED HUBS,EFF,105.93104,0,0,4,3
1014,H4,4,3,AXLES/GEARED HUBS,EFF,244.48276,0,0,4,3
1015,H4,4,3,AXLES/GEARED HUBS,EFF,0,0,0,4,3
1016,H4,4,3,AXLES/GEARED HUBS,NO,4578.413787,0,1,4,3
1018,H4,4,3,BODY/CAB/HOOD/HULL,EFF,43.10344,0,0,6,4
1019,H4,4,3,BODY/CAB/HOOD/HULL,EFF,104.34483,0,0,6,4
1020,H4,4,3,BODY/CAB/HOOD/HULL,EFF,5.58621,0,0,6,4
1021,H4,4,3,BODY/CAB/HOOD/HULL,NO,4775.931037,0,1,6,4
1022,H4,4,3,BRAKES,OMF,107.93104,1,0,7,5
1023,H4,4,3,BRAKES,EFF,83.65517,1,0,7,5
1024,H4,4,3,BRAKES,NO,4737.379307,1,1,7,5
1026,H4,4,3,CONTROL PANELS,EFF,11.93103,1,0,9,6
1027,H4,4,3,CONTROL PANELS,EFF,22.75862,1,0,9,6
1028,H4,4,3,CONTROL PANELS,NO,4894.275867,1,1,9,6
1030,H4,4,3,ELECTRICAL SYSTEM,NO,4928.965517,0,1,11,7
1031,H4,4,3,ENGINE,EFF,67.79311,1,0,12,8
1032,H4,4,3,ENGINE,NO,4861.172407,1,1,12,8
1033,H4,4,3,FRAME/TOWING,EFF,450.68966,0,0,13,9
1034,H4,4,3,FRAME/TOWING,NO,4478.275857,0,1,13,9
1035,H4,4,3,FUEL SYSTEM,EFF,38.48276,0,0,14,10
1036,H4,4,3,FUEL SYSTEM,EFF,236.82758,0,0,14,10
1037,H4,4,3,FUEL SYSTEM,NO,4653.655177,0,1,14,10
1038,H4,4,3,GFE,EFF,310.82759,1,0,15,11
1039,H4,4,3,GFE,NO,4618.137927,1,1,15,11
1040,H4,4,3,HVAC,EFF,107.93104,1,0,16,12
1041,H4,4,3,HVAC,EFF,348.68965,1,0,16,12
1042,H4,4,3,HVAC,NO,4472.344827,1,1,16,12
1043,H4,4,3,HYDRAULICS,NO,4928.965517,0,1,17,13
1045,H4,4,3,PROPELLER/SHAFTS,NO,4928.965517,0,1,19,14
1046,H4,4,3,RADIOS,EFF,11.93103,1,0,20,15
1047,H4,4,3,RADIOS,EFF,62.20689,1,0,20,15
1048,H4,4,3,RADIOS,EFF,0,1,0,20,15
1049,H4,4,3,RADIOS,EFF,28.89655,1,0,20,15
1050,H4,4,3,RADIOS,EFF,64.62069,1,0,20,15
1051,H4,4,3,RADIOS,EFF,104.34483,1,0,20,15
1052,H4,4,3,RADIOS,EFF,49.44827,1,0,20,15
1053,H4,4,3,RADIOS,EFF,0,1,0,20,15
1054,H4,4,3,RADIOS,EFF,107.17242,1,0,20,15
1055,H4,4,3,RADIOS,EFF,197.03449,1,0,20,15
1056,H4,4,3,RADIOS,EFF,273.7931,1,0,20,15
1057,H4,4,3,RADIOS,EFF,0,1,0,20,15
1058,H4,4,3,RADIOS,NO,4029.517247,1,1,20,15
1059,H4,4,3,STEERING,EFF,123.10345,1,0,21,16
1060,H4,4,3,STEERING,EFF,39.10345,1,0,21,16
1061,H4,4,3,STEERING,NO,4766.758617,1,1,21,16
1062,H4,4,3,SUSPENSION,EFF,450.68966,1,0,22,17
1063,H4,4,3,SUSPENSION,EFF,0,1,0,22,17
1064,H4,4,3,SUSPENSION,EFF,0,1,0,22,17
1065,H4,4,3,SUSPENSION,EFF,5.58621,1,0,22,17
1066,H4,4,3,SUSPENSION,NO,4472.689647,1,1,22,17
1070,H4,4,3,WARN/SCAN/SIGNAL,EFF,41.5862,0,0,25,18
1071,H4,4,3,WARN/SCAN/SIGNAL,EFF,141.86207,0,0,25,18
1072,H4,4,3,WARN/SCAN/SIGNAL,EFF,124.96552,0,0,25,18
1073,H4,4,3,WARN/SCAN/SIGNAL,NO,4620.551727,0,1,25,18
1074,H4,4,3,WHEELS/TIRES,EFF,33.72414,1,0,26,19
1075,H4,4,3,WHEELS/TIRES,EFF,49.44827,1,0,26,19
1076,H4,4,3,WHEELS/TIRES,NO,4845.793107,1,1,26,19
1077,U2,2,1,ACCESSORIES,NO,3262.551724,0,1,1,1
1078,U2,2,1,AFES,EFF,55.517241,1,0,2,2
1079,U2,2,1,AFES,EFF,0,1,0,2,2
1080,U2,2,1,AFES,EFF,4.068966,1,0,2,2
1081,U2,2,1,AFES,EFF,23.862069,1,0,2,2
1082,U2,2,1,AFES,EFF,0,1,0,2,2
1083,U2,2,1,AFES,EFF,73.241379,1,0,2,2
1084,U2,2,1,AFES,NO,3105.862069,1,1,2,2
1086,U2,2,1,AXLES/GEARED HUBS,EFF,4.896552,0,0,4,3
1087,U2,2,1,AXLES/GEARED HUBS,EFF,142.344828,0,0,4,3
1088,U2,2,1,AXLES/GEARED HUBS,EFF,0.137931,0,0,4,3
1089,U2,2,1,AXLES/GEARED HUBS,EFF,0.206897,0,0,4,3
1090,U2,2,1,AXLES/GEARED HUBS,EFF,9.034483,0,0,4,3
1091,U2,2,1,AXLES/GEARED HUBS,EFF,30.137931,0,0,4,33
1092,U2,2,1,AXLES/GEARED HUBS,NO,3075.793102,0,1,4,3
1094,U2,2,1,BODY/CAB/HOOD/HULL,EFF,4.896552,0,0,6,4
1095,U2,2,1,BODY/CAB/HOOD/HULL,EFF,23.517242,0,0,6,4
1096,U2,2,1,BODY/CAB/HOOD/HULL,EFF,4.965517,0,0,6,4
1097,U2,2,1,BODY/CAB/HOOD/HULL,NO,3229.172413,0,1,6,4
1098,U2,2,1,BRAKES,EFF,541.172414,1,0,7,5
1099,U2,2,1,BRAKES,EFF,152.896552,1,0,7,5
1100,U2,2,1,BRAKES,EFF,18.75862,1,0,7,5
1101,U2,2,1,BRAKES,EFF,141.37931,1,0,7,5
1102,U2,2,1,BRAKES,EFF,67.724138,1,0,7,5
1103,U2,2,1,BRAKES,NO,2340.62069,1,1,7,5
1105,U2,2,1,CONTROL PANELS,EFF,541.172414,1,0,9,6
1106,U2,2,1,CONTROL PANELS,EFF,105.103448,1,0,9,6
1107,U2,2,1,CONTROL PANELS,EFF,4.068966,1,0,9,6
1108,U2,2,1,CONTROL PANELS,EFF,19.862069,1,0,9,6
1109,U2,2,1,CONTROL PANELS,NO,2592.344827,1,1,9,6
1111,U2,2,1,ELECTRICAL SYSTEM,EFF,106.206897,0,0,11,7
1112,U2,2,1,ELECTRICAL SYSTEM,EFF,17.172414,0,0,11,7
1113,U2,2,1,ELECTRICAL SYSTEM,NO,3139.172413,0,1,11,7
1114,U2,2,1,ENGINE,EFF,0.206897,1,0,12,8
1115,U2,2,1,ENGINE,NO,3262.344827,1,1,12,8
1116,U2,2,1,FRAME/TOWING,EFF,160.689655,0,0,13,9
1117,U2,2,1,FRAME/TOWING,NO,3101.862069,0,1,13,9
1118,U2,2,1,FUEL SYSTEM,EFF,0.137931,0,0,14,10
1119,U2,2,1,FUEL SYSTEM,NO,3262.413793,0,1,14,10
1120,U2,2,1,GFE,EFF,541.172414,1,0,15,11
1121,U2,2,1,GFE,NO,2721.37931,1,1,15,11
1122,U2,2,1,HVAC,EFF,140.482758,1,0,16,12
1123,U2,2,1,HVAC,EFF,46.551724,1,0,16,12
1124,U2,2,1,HVAC,EFF,14.62069,1,0,16,12
1125,U2,2,1,HVAC,NO,3060.896552,1,1,16,12
1126,U2,2,1,HYDRAULICS,NO,3262.551724,0,1,17,13
1128,U2,2,1,PROPELLER/SHAFTS,EFF,55.103448,0,0,19,14
1129,U2,2,1,PROPELLER/SHAFTS,NO,3207.448276,0,1,19,14
1130,U2,2,1,RADIOS,EFF,1093.793103,1,0,20,15
1131,U2,2,1,RADIOS,NO,2168.758621,1,1,20,15
1132,U2,2,1,STEERING,EFF,152.896552,1,0,21,16
1133,U2,2,1,STEERING,NO,3109.655172,1,1,21,16
1134,U2,2,1,SUSPENSION,EFF,0.137931,1,0,22,17
1135,U2,2,1,SUSPENSION,NO,3262.413793,1,1,22,17
1138,U2,2,1,WARN/SCAN/SIGNAL,EFF,259.724138,0,0,25,18
1139,U2,2,1,WARN/SCAN/SIGNAL,EFF,270.965517,0,0,25,18
1140,U2,2,1,WARN/SCAN/SIGNAL,EFF,96.068966,0,0,25,18
1141,U2,2,1,WARN/SCAN/SIGNAL,NO,2635.793103,0,1,25,18
1142,U2,2,1,WHEELS/TIRES,NO,3262.551724,1,1,26,19
1143,U2,2,2,ACCESSORIES,NO,4588.965517,0,1,1,1
1144,U2,2,2,AFES,NO,4588.965517,1,1,2,2
1147,U2,2,2,AXLES/GEARED HUBS,EFF,5.172414,0,0,4,3
1148,U2,2,2,AXLES/GEARED HUBS,EFF,489.931035,0,0,4,3
1149,U2,2,2,AXLES/GEARED HUBS,NO,4093.862068,0,1,4,3
1151,U2,2,2,BODY/CAB/HOOD/HULL,EFF,88.482759,0,0,6,4
1152,U2,2,2,BODY/CAB/HOOD/HULL,EFF,0.068965,0,0,6,4
1153,U2,2,2,BODY/CAB/HOOD/HULL,NO,4500.413793,0,1,6,4
1154,U2,2,2,BRAKES,EFF,40.275862,1,0,7,5
1155,U2,2,2,BRAKES,EFF,0,1,0,7,5
1156,U2,2,2,BRAKES,EFF,0,1,0,7,5
1157,U2,2,2,BRAKES,EFF,40.62069,1,0,7,5
1158,U2,2,2,BRAKES,EFF,48.275862,1,0,7,5
1159,U2,2,2,BRAKES,EFF,256.965517,1,0,7,5
1160,U2,2,2,BRAKES,NO,4202.827586,1,1,7,5
1163,U2,2,2,CONTROL PANELS,NO,4588.965517,1,1,9,6
1165,U2,2,2,ELECTRICAL SYSTEM,EFF,256.965517,0,0,11,7
1166,U2,2,2,ELECTRICAL SYSTEM,NO,4332,0,1,11,7
1167,U2,2,2,ENGINE,EFF,297.724138,1,0,12,8
1168,U2,2,2,ENGINE,NO,4291.241379,1,1,12,8
1169,U2,2,2,FRAME/TOWING,NO,4588.965517,0,1,13,9
1170,U2,2,2,FUEL SYSTEM,NO,4588.965517,0,1,14,10
1171,U2,2,2,GFE,NO,4588.965517,1,1,15,11
1172,U2,2,2,HVAC,EFF,106.75862,1,0,16,12
1173,U2,2,2,HVAC,NO,4482.206897,1,1,16,12
1174,U2,2,2,HYDRAULICS,EFF,256.965517,0,0,17,13
1175,U2,2,2,HYDRAULICS,NO,4332,0,1,17,13
1177,U2,2,2,PROPELLER/SHAFTS,NO,4588.965517,0,1,19,14
1178,U2,2,2,RADIOS,EFF,195.724138,1,0,20,15
1179,U2,2,2,RADIOS,EFF,166.482759,1,0,20,15
1180,U2,2,2,RADIOS,EFF,117.517242,1,0,20,15
1181,U2,2,2,RADIOS,NO,4109.241378,1,1,20,15
1182,U2,2,2,STEERING,EFF,31.931034,1,0,21,16
1183,U2,2,2,STEERING,EFF,256.965517,1,0,21,16
1184,U2,2,2,STEERING,NO,4300.068966,1,1,21,16
1185,U2,2,2,SUSPENSION,EFF,251.241379,1,0,22,17
1186,U2,2,2,SUSPENSION,EFF,395.793103,1,0,22,17
1187,U2,2,2,SUSPENSION,NO,3941.931035,1,1,22,17
1190,U2,2,2,WARN/SCAN/SIGNAL,EFF,19.172413,0,0,25,18
1191,U2,2,2,WARN/SCAN/SIGNAL,EFF,0,0,0,25,18
1192,U2,2,2,WARN/SCAN/SIGNAL,EFF,0,0,0,25,18
1193,U2,2,2,WARN/SCAN/SIGNAL,EFF,328.62069,0,0,25,18
1194,U2,2,2,WARN/SCAN/SIGNAL,EFF,0,0,0,25,18
1195,U2,2,2,WARN/SCAN/SIGNAL,EFF,6.896552,0,0,25,18
1196,U2,2,2,WARN/SCAN/SIGNAL,NO,4234.275862,0,1,25,18
1197,U2,2,2,WHEELS/TIRES,NO,4588.965517,1,1,26,19
1198,U2,2,3,ACCESSORIES,NO,5880.689655,0,1,1,1
1199,U2,2,3,AFES,NO,5880.689655,1,1,2,2
1201,U2,2,3,AXLES/GEARED HUBS,EFF,186.827586,0,0,4,3
1202,U2,2,3,AXLES/GEARED HUBS,EFF,85.655172,0,0,4,3
1203,U2,2,3,AXLES/GEARED HUBS,EFF,499.86207,0,0,4,3
1204,U2,2,3,AXLES/GEARED HUBS,NO,5108.344827,0,1,4,3
1206,U2,2,3,BODY/CAB/HOOD/HULL,NO,5880.689655,0,1,6,4
1207,U2,2,3,BRAKES,NO,5880.689655,1,1,7,5
1209,U2,2,3,CONTROL PANELS,EFF,45.034482,1,0,9,6
1210,U2,2,3,CONTROL PANELS,EFF,84.620689,1,0,9,6
1211,U2,2,3,CONTROL PANELS,NO,5751.034484,1,1,9,6
1214,U2,2,2,ELECTRICAL SYSTEM,EFF,0,0,0,11,7
1215,U2,2,3,ELECTRICAL SYSTEM,EFF,85.172414,0,0,11,7
1216,U2,2,3,ELECTRICAL SYSTEM,EFF,601.37931,0,0,11,7
1217,U2,2,3,ELECTRICAL SYSTEM,EFF,444.06897,0,0,11,7
1218,U2,2,3,ELECTRICAL SYSTEM,NO,4750.068961,0,1,11,7
1219,U2,2,3,ENGINE,EFF,104.896552,1,0,12,8
1220,U2,2,3,ENGINE,OMF,173.448276,1,0,12,8
1221,U2,2,3,ENGINE,NO,5602.344827,1,1,12,8
1222,U2,2,3,FRAME/TOWING,NO,5880.689655,0,1,13,9
1223,U2,2,3,FUEL SYSTEM,EFF,459.862068,0,0,14,10
1224,U2,2,3,FUEL SYSTEM,NO,5420.827587,0,1,14,10
1225,U2,2,3,GFE,NO,5880.689655,1,1,15,11
1226,U2,2,3,HVAC,NO,5880.689655,1,1,16,12
1227,U2,2,3,HYDRAULICS,NO,5880.689655,0,1,17,13
1229,U2,2,3,PROPELLER/SHAFTS,NO,5880.689655,0,1,19,14
1230,U2,2,3,RADIOS,EFF,185.862069,1,0,20,15
1231,U2,2,3,RADIOS,NO,5694.827586,1,1,20,15
1232,U2,2,2,STEERING,EFF,0,1,0,21,16
1233,U2,2,3,STEERING,EFF,15.862069,1,0,21,16
1234,U2,2,3,STEERING,EFF,0,1,0,21,16
1235,U2,2,3,STEERING,OMF,186.827586,1,0,21,16
1236,U2,2,3,STEERING,EFF,186.206896,1,0,21,16
1237,U2,2,3,STEERING,EFF,0,1,0,21,16
1238,U2,2,3,STEERING,EFF,153.793104,1,0,21,16
1239,U2,2,3,STEERING,EFF,197.103449,1,0,21,16
1240,U2,2,3,STEERING,NO,5140.896551,1,1,21,16
1241,U2,2,3,SUSPENSION,EFF,459.862068,1,0,22,17
1242,U2,2,3,SUSPENSION,EFF,0,1,0,22,17
1243,U2,2,3,SUSPENSION,EFF,444.06897,1,0,22,17
1244,U2,2,3,SUSPENSION,EFF,0,1,0,22,17
1245,U2,2,3,SUSPENSION,EFF,0,1,0,22,17
1246,U2,2,3,SUSPENSION,EFF,0,1,0,22,17
1247,U2,2,3,SUSPENSION,NO,4976.758617,1,1,22,17
1251,U2,2,3,WARN/SCAN/SIGNAL,EFF,7.034483,0,0,25,18
1252,U2,2,3,WARN/SCAN/SIGNAL,EFF,11.103449,0,0,25,18
1253,U2,2,3,WARN/SCAN/SIGNAL,EFF,186.206896,0,0,25,18
1254,U2,2,3,WARN/SCAN/SIGNAL,EFF,5.724138,0,0,25,18
1255,U2,2,3,WARN/SCAN/SIGNAL,EFF,5.034483,0,0,25,18
1256,U2,2,3,WARN/SCAN/SIGNAL,EFF,2.275863,0,0,25,18
1257,U2,2,3,WARN/SCAN/SIGNAL,EFF,254.896551,0,0,25,18
1258,U2,2,3,WARN/SCAN/SIGNAL,EFF,192.689655,0,0,25,18
1259,U2,2,3,WARN/SCAN/SIGNAL,EFF,727.793107,0,0,25,18
1260,U2,2,3,WARN/SCAN/SIGNAL,EFF,0.13793,0,0,25,18
1261,U2,2,3,WARN/SCAN/SIGNAL,NO,4487.7931,0,1,25,18
1262,U2,2,3,WHEELS/TIRES,NO,5880.689655,1,1,26,19
1263,U3,2,1,ACCESSORIES,NO,4337.241379,0,1,1,1
1264,U3,2,1,AFES,EFF,26.896552,1,0,2,2
1265,U3,2,1,AFES,EFF,84.827586,1,0,2,2
1266,U3,2,1,AFES,NO,4225.517241,1,1,2,2
1268,U3,2,1,AXLES/GEARED HUBS,OMF,20.689655,0,0,4,3
1269,U3,2,1,AXLES/GEARED HUBS,NO,4316.551724,0,1,4,3
1271,U3,2,1,BODY/CAB/HOOD/HULL,EFF,31.034482,0,0,6,4
1272,U3,2,1,BODY/CAB/HOOD/HULL,NO,4306.206897,0,1,6,4
1273,U3,2,1,BRAKES,OMF,1103.448276,1,0,7,5
1274,U3,2,1,BRAKES,EFF,69.655173,1,0,7,5
1275,U3,2,1,BRAKES,EFF,66.896552,1,0,7,5
1276,U3,2,1,BRAKES,EFF,3.448276,1,0,7,5
1277,U3,2,1,BRAKES,OMF,84.827586,1,0,7,5
1278,U3,2,1,BRAKES,EFF,84.827586,1,0,7,5
1279,U3,2,1,BRAKES,EFF,101.379311,1,0,7,5
1280,U3,2,1,BRAKES,EFF,4.827586,1,0,7,5
1281,U3,2,1,BRAKES,EFF,0,1,0,7,5
1282,U3,2,1,BRAKES,EFF,0,1,0,7,5
1283,U3,2,1,BRAKES,EFF,2.75862,1,0,7,5
1284,U3,2,1,BRAKES,EFF,0,1,0,7,5
1285,U3,2,1,BRAKES,NO,2815.172413,1,1,7,5
1287,U3,2,1,CONTROL PANELS,EFF,68.965517,1,0,9,6
1288,U3,2,1,CONTROL PANELS,EFF,133.103449,1,0,9,6
1289,U3,2,1,CONTROL PANELS,NO,4135.172413,1,1,9,6
1291,U3,2,1,ELECTRICAL SYSTEM,EFF,53.793103,0,0,11,7
1292,U3,2,1,ELECTRICAL SYSTEM,EFF,62.068965,0,0,11,7
1293,U3,2,1,ELECTRICAL SYSTEM,EFF,51.724138,0,0,11,7
1294,U3,2,1,ELECTRICAL SYSTEM,EFF,402.068966,0,0,11,7
1295,U3,2,1,ELECTRICAL SYSTEM,EFF,402.068966,0,0,11,7
1296,U3,2,1,ELECTRICAL SYSTEM,NO,3365.517241,0,1,11,7
1297,U3,2,1,ENGINE,NO,4337.241379,1,1,12,8
1298,U3,2,1,FRAME/TOWING,NO,4337.241379,0,1,13,9
1299,U3,2,1,FUEL SYSTEM,NO,4337.241379,0,1,14,10
1300,U3,2,1,GFE,EFF,169.655172,1,0,15,11
1301,U3,2,1,GFE,NO,4167.586207,1,1,15,11
1302,U3,2,1,HVAC,EFF,28.965517,1,0,16,12
1303,U3,2,1,HVAC,NO,4308.275862,1,1,16,12
1304,U3,2,1,HYDRAULICS,NO,4337.241379,0,1,17,13
1306,U3,2,1,PROPELLER/SHAFTS,EFF,53.103448,0,0,19,14
1307,U3,2,1,PROPELLER/SHAFTS,NO,4284.137931,0,1,19,14
1308,U3,2,1,RADIOS,EFF,1.37931,1,0,20,15
1309,U3,2,1,RADIOS,EFF,28.965517,1,0,20,15
1310,U3,2,1,RADIOS,EFF,68.965517,1,0,20,15
1311,U3,2,1,RADIOS,EFF,960,1,0,20,15
1312,U3,2,1,RADIOS,EFF,59.310345,1,0,20,15
1313,U3,2,1,RADIOS,EFF,43.448276,1,0,20,15
1314,U3,2,1,RADIOS,EFF,2.758621,1,0,20,15
1315,U3,2,1,RADIOS,NO,3172.413793,1,1,20,15
1316,U3,2,1,STEERING,NO,4337.241379,1,1,21,16
1317,U3,2,1,SUSPENSION,EFF,402.068966,1,0,22,17
1318,U3,2,1,SUSPENSION,NO,3935.172413,1,1,22,17
1321,U3,2,1,WARN/SCAN/SIGNAL,EFF,182.068965,0,0,25,18
1322,U3,2,1,WARN/SCAN/SIGNAL,EFF,60.689656,0,0,25,18
1323,U3,2,1,WARN/SCAN/SIGNAL,EFF,0,0,0,25,18
1324,U3,2,1,WARN/SCAN/SIGNAL,EFF,11.034482,0,0,25,18
1325,U3,2,1,WARN/SCAN/SIGNAL,EFF,31.034483,0,0,25,18
1326,U3,2,1,WARN/SCAN/SIGNAL,EFF,151.034483,0,0,25,18
1327,U3,2,1,WARN/SCAN/SIGNAL,EFF,0,0,0,25,18
1328,U3,2,1,WARN/SCAN/SIGNAL,EFF,0,0,0,25,18
1329,U3,2,1,WARN/SCAN/SIGNAL,EFF,0,0,0,25,18
1330,U3,2,1,WARN/SCAN/SIGNAL,EFF,118.62069,0,0,25,18
1331,U3,2,1,WARN/SCAN/SIGNAL,EFF,31.034482,0,0,25,18
1332,U3,2,1,WARN/SCAN/SIGNAL,EFF,0.689655,0,0,25,18
1333,U3,2,1,WARN/SCAN/SIGNAL,EFF,2.758621,0,0,25,18
1334,U3,2,1,WARN/SCAN/SIGNAL,EFF,6.206897,0,0,25,18
1335,U3,2,1,WARN/SCAN/SIGNAL,EFF,45.517241,0,0,25,18
1336,U3,2,1,WARN/SCAN/SIGNAL,EFF,4.827586,0,0,25,18
1337,U3,2,1,WARN/SCAN/SIGNAL,EFF,169.655172,0,0,25,18
1338,U3,2,1,WARN/SCAN/SIGNAL,EFF,50.344828,0,0,25,18
1339,U3,2,1,WARN/SCAN/SIGNAL,NO,3471.724138,0,1,25,18
1340,U3,2,1,WHEELS/TIRES,EFF,3.448276,1,0,26,19
1341,U3,2,1,WHEELS/TIRES,EFF,0,1,0,26,19
1342,U3,2,1,WHEELS/TIRES,NO,4333.793103,1,1,26,19
1343,U3,2,2,ACCESSORIES,NO,5969.655172,0,1,1,1
1344,U3,2,2,AFES,EFF,93.793104,1,0,2,2
1345,U3,2,2,AFES,EFF,180.689655,1,0,2,2
1346,U3,2,2,AFES,NO,5695.172413,1,1,2,2
1348,U3,2,2,AXLES/GEARED HUBS,EFF,123.448276,0,0,4,3
1349,U3,2,2,AXLES/GEARED HUBS,EFF,0,0,0,4,3
1350,U3,2,2,AXLES/GEARED HUBS,EFF,243.448276,0,0,4,3
1351,U3,2,2,AXLES/GEARED HUBS,EFF,0,0,0,4,3
1352,U3,2,2,AXLES/GEARED HUBS,NO,5602.75862,0,1,4,3
1354,U3,2,2,BODY/CAB/HOOD/HULL,EFF,140.689655,0,0,6,4
1355,U3,2,2,BODY/CAB/HOOD/HULL,EFF,191.724138,0,0,6,4
1356,U3,2,2,BODY/CAB/HOOD/HULL,NO,5637.241379,0,1,6,4
1357,U3,2,2,BRAKES,EFF,286.896552,1,0,7,5
1358,U3,2,2,BRAKES,EFF,140.689655,1,0,7,5
1359,U3,2,2,BRAKES,EFF,244.137931,1,0,7,5
1360,U3,2,2,BRAKES,EFF,93.793104,1,0,7,5
1361,U3,2,2,BRAKES,EFF,49.655173,1,0,7,5
1362,U3,2,2,BRAKES,EFF,171.034482,1,0,7,5
1363,U3,2,2,BRAKES,EFF,26.896552,1,0,7,5
1364,U3,2,2,BRAKES,EFF,143.448276,1,0,7,5
1365,U3,2,2,BRAKES,EFF,33.793104,1,0,7,5
1366,U3,2,2,BRAKES,EFF,163.448276,1,0,7,5
1367,U3,2,2,BRAKES,EFF,6.896552,1,0,7,5
1368,U3,2,2,BRAKES,EFF,243.448276,1,0,7,5
1369,U3,2,2,BRAKES,EFF,0,1,0,7,5
1370,U3,2,2,BRAKES,EFF,0,1,0,7,5
1371,U3,2,2,BRAKES,NO,4365.517239,1,1,7,5
1373,U3,2,2,CONTROL PANELS,EFF,243.448276,1,0,9,6
1374,U3,2,2,CONTROL PANELS,NO,5726.206896,1,1,9,6
1376,U3,2,2,ELECTRICAL SYSTEM,EFF,277.241379,0,0,11,7
1377,U3,2,2,ELECTRICAL SYSTEM,EFF,18.620689,0,0,11,7
1378,U3,2,2,ELECTRICAL SYSTEM,EFF,1.37931,0,0,11,7
1379,U3,2,2,ELECTRICAL SYSTEM,EFF,35.172413,0,0,11,7
1380,U3,2,2,ELECTRICAL SYSTEM,NO,5637.241381,0,1,11,7
1381,U3,2,2,ENGINE,NO,5969.655172,1,1,12,8
1382,U3,2,2,FRAME/TOWING,NO,5969.655172,0,1,13,9
1383,U3,2,2,FUEL SYSTEM,NO,5969.655172,0,1,14,10
1384,U3,2,2,GFE,EFF,180.689655,1,0,15,11
1385,U3,2,2,GFE,NO,5788.965517,1,1,15,11
1386,U3,2,2,HVAC,OMF,118.62069,1,0,16,12
1387,U3,2,2,HVAC,EFF,17.931034,1,0,16,12
1388,U3,2,2,HVAC,NO,5833.103448,1,1,16,12
1389,U3,2,2,HYDRAULICS,EFF,22.758621,0,0,17,13
1390,U3,2,2,HYDRAULICS,NO,5946.896551,0,1,17,13
1393,U3,2,2,PROPELLER/SHAFTS,EFF,55.172414,0,0,19,14
1394,U3,2,2,PROPELLER/SHAFTS,EFF,98.620689,0,0,19,14
1395,U3,2,2,PROPELLER/SHAFTS,EFF,33.793104,0,0,19,14
1396,U3,2,2,PROPELLER/SHAFTS,EFF,20,0,0,19,14
1397,U3,2,2,PROPELLER/SHAFTS,NO,5762.068965,0,1,19,14
1398,U3,2,2,RADIOS,EFF,25.517241,1,0,20,15
1399,U3,2,2,RADIOS,EFF,4.137931,1,0,20,15
1400,U3,2,2,RADIOS,EFF,49.655173,1,0,20,15
1401,U3,2,2,RADIOS,EFF,33.103448,1,0,20,15
1402,U3,2,2,RADIOS,NO,5857.241379,1,1,20,15
1403,U3,2,2,STEERING,EFF,171.034482,1,0,21,16
1404,U3,2,2,STEERING,EFF,0,1,0,21,16
1405,U3,2,2,STEERING,EFF,33.793104,1,0,21,16
1406,U3,2,2,STEERING,EFF,0,1,0,21,16
1407,U3,2,2,STEERING,NO,5764.827586,1,1,21,16
1408,U3,2,2,SUSPENSION,EFF,171.034482,1,0,22,17
1409,U3,2,2,SUSPENSION,OMF,211.034483,1,0,22,17
1410,U3,2,2,SUSPENSION,EFF,91.724138,1,0,22,17
1411,U3,2,2,SUSPENSION,EFF,0,1,0,22,17
1412,U3,2,2,SUSPENSION,EFF,0,1,0,22,17
1413,U3,2,2,SUSPENSION,EFF,0,1,0,22,17
1414,U3,2,2,SUSPENSION,EFF,243.448276,1,0,22,17
1415,U3,2,2,SUSPENSION,EFF,0,1,0,22,17
1416,U3,2,2,SUSPENSION,EFF,0,1,0,22,17
1417,U3,2,2,SUSPENSION,NO,5252.413793,1,1,22,17
1420,U3,2,2,WARN/SCAN/SIGNAL,EFF,244.137931,0,0,25,18
1421,U3,2,2,WARN/SCAN/SIGNAL,EFF,281.37931,0,0,25,18
1422,U3,2,2,WARN/SCAN/SIGNAL,EFF,45.517242,0,0,25,18
1423,U3,2,2,WARN/SCAN/SIGNAL,EFF,151.724138,0,0,25,18
1424,U3,2,2,WARN/SCAN/SIGNAL,EFF,137.241379,0,0,25,18
1425,U3,2,2,WARN/SCAN/SIGNAL,EFF,607.586207,0,0,25,18
1426,U3,2,2,WARN/SCAN/SIGNAL,EFF,107.586207,0,0,25,18
1427,U3,2,2,WARN/SCAN/SIGNAL,EFF,63.448276,0,0,25,18
1428,U3,2,2,WARN/SCAN/SIGNAL,NO,4331.034482,0,1,25,18
1429,U3,2,2,WHEELS/TIRES,EFF,380.689655,1,0,26,19
1430,U3,2,2,WHEELS/TIRES,NO,5588.965517,1,1,26,19
1431,U3,2,3,ACCESSORIES,NO,6672.413793,0,1,1,1
1432,U3,2,3,AFES,EFF,8.965517,1,0,2,2
1433,U3,2,3,AFES,EFF,16.55173,1,0,2,2
1434,U3,2,3,AFES,NO,6646.896546,1,1,2,2
1436,U3,2,2,AXLES/GEARED HUBS,EFF,0,0,0,4,3
1437,U3,2,3,AXLES/GEARED HUBS,EFF,102.06897,0,0,4,3
1438,U3,2,3,AXLES/GEARED HUBS,EFF,16.55172,0,0,4,3
1439,U3,2,3,AXLES/GEARED HUBS,NO,6553.793103,0,1,4,3
1441,U3,2,3,BODY/CAB/HOOD/HULL,EFF,263.44827,0,0,6,4
1442,U3,2,3,BODY/CAB/HOOD/HULL,NO,6408.965523,0,1,6,4
1443,U3,2,3,BRAKES,EFF,28.96552,1,0,7,5
1444,U3,2,3,BRAKES,EFF,659.31035,1,0,7,5
1445,U3,2,3,BRAKES,NO,5984.137923,1,1,7,5
1447,U3,2,3,CONTROL PANELS,EFF,552.41379,1,0,9,6
1448,U3,2,3,CONTROL PANELS,NO,6120.000003,1,1,9,6
1452,U3,2,3,ELECTRICAL SYSTEM,OMF,86.89656,0,0,11,7
1453,U3,2,3,ELECTRICAL SYSTEM,EFF,20,0,0,11,7
1454,U3,2,3,ELECTRICAL SYSTEM,EFF,19.31034,0,0,11,7
1455,U3,2,3,ELECTRICAL SYSTEM,EFF,190.34483,0,0,11,7
1456,U3,2,3,ELECTRICAL SYSTEM,NO,6355.862063,0,1,11,7
1457,U3,2,3,ENGINE,EFF,15.17242,1,0,12,8
1458,U3,2,3,ENGINE,NO,6657.241373,1,1,12,8
1459,U3,2,3,FRAME/TOWING,NO,6672.413793,0,1,13,9
1460,U3,2,3,FUEL SYSTEM,NO,6672.413793,0,1,14,10
1461,U3,2,3,GFE,NO,6672.413793,1,1,15,11
1462,U3,2,3,HVAC,OMF,120,1,0,16,12
1463,U3,2,3,HVAC,EFF,171.03448,1,0,16,12
1464,U3,2,3,HVAC,NO,6381.379313,1,1,16,12
1465,U3,2,3,HYDRAULICS,EFF,573.10345,0,0,17,13
1466,U3,2,3,HYDRAULICS,NO,6099.310343,0,1,17,13
1468,U3,2,3,PROPELLER/SHAFTS,EFF,171.03448,0,0,19,14
1469,U3,2,3,PROPELLER/SHAFTS,EFF,0,0,0,19,14
1470,U3,2,3,PROPELLER/SHAFTS,EFF,0,0,0,19,14
1471,U3,2,3,PROPELLER/SHAFTS,NO,6501.379313,0,1,19,14
1472,U3,2,3,RADIOS,EFF,164.827586,1,0,20,15
1473,U3,2,3,RADIOS,EFF,97.93103,1,0,20,15
1474,U3,2,3,RADIOS,EFF,15.17242,1,0,20,15
1475,U3,2,3,RADIOS,EFF,428.27587,1,0,20,15
1476,U3,2,3,RADIOS,EFF,432.41379,1,0,20,15
1477,U3,2,3,RADIOS,EFF,224.13793,1,0,20,15
1478,U3,2,3,RADIOS,EFF,119.31034,1,0,20,15
1479,U3,2,3,RADIOS,EFF,428.96552,1,0,20,15
1480,U3,2,3,RADIOS,NO,4761.379307,1,1,20,15
1481,U3,2,3,STEERING,EFF,8.965517,1,0,21,16
1482,U3,2,3,STEERING,EFF,0,1,0,21,16
1483,U3,2,3,STEERING,EFF,0,1,0,21,16
1484,U3,2,3,STEERING,EFF,309.655173,1,0,21,16
1485,U3,2,3,STEERING,EFF,86.89656,1,0,21,16
1486,U3,2,3,STEERING,EFF,26.89655,1,0,21,16
1487,U3,2,3,STEERING,EFF,171.03448,1,0,21,16
1488,U3,2,3,STEERING,EFF,19.31034,1,0,21,16
1489,U3,2,3,STEERING,NO,6049.655173,1,1,21,16
1490,U3,2,2,SUSPENSION,EFF,0,1,0,22,17
1491,U3,2,2,SUSPENSION,EFF,0,1,0,22,17
1492,U3,2,2,SUSPENSION,EFF,0,1,0,22,17
1493,U3,2,3,SUSPENSION,EFF,166.896548,1,0,22,17
1494,U3,2,3,SUSPENSION,EFF,68.96551,1,0,22,17
1495,U3,2,3,SUSPENSION,EFF,659.31035,1,0,22,17
1496,U3,2,3,SUSPENSION,NO,5777.241385,1,1,22,17
1499,U3,2,3,WARN/SCAN/SIGNAL,EFF,218.620689,0,0,25,18
1500,U3,2,3,WARN/SCAN/SIGNAL,NO,6453.793104,0,1,25,18
1501,U3,2,3,WHEELS/TIRES,NO,6672.413793,1,1,26,19
1502,U5,2,1,ACCESSORIES,NO,5150.137931,0,1,1,1
1503,U5,2,1,AFES,EFF,29.103449,1,0,2,2
1504,U5,2,1,AFES,EFF,182.965517,1,0,2,2
1505,U5,2,1,AFES,EFF,65.517241,1,0,2,2
1506,U5,2,1,AFES,EFF,85.241379,1,0,2,2
1507,U5,2,1,AFES,EFF,0,1,0,2,2
1508,U5,2,1,AFES,NO,4787.310345,1,1,2,2
1510,U5,2,1,AXLES/GEARED HUBS,EFF,61.517241,0,0,4,3
1511,U5,2,1,AXLES/GEARED HUBS,NO,5088.62069,0,1,4,3
1513,U5,2,1,BODY/CAB/HOOD/HULL,EFF,1.37931,0,0,6,4
1514,U5,2,1,BODY/CAB/HOOD/HULL,NO,5148.758621,0,1,6,4
1515,U5,2,1,BRAKES,EFF,87.034483,1,0,7,5
1516,U5,2,1,BRAKES,EFF,451.862069,1,0,7,5
1517,U5,2,1,BRAKES,EFF,50.344827,1,0,7,5
1518,U5,2,1,BRAKES,EFF,69.24138,1,0,7,5
1519,U5,2,1,BRAKES,EFF,61.517241,1,0,7,5
1520,U5,2,1,BRAKES,EFF,0,1,0,7,5
1521,U5,2,1,BRAKES,NO,4430.137931,1,1,7,5
1523,U5,2,1,CONTROL PANELS,EFF,64.413793,1,0,9,6
1524,U5,2,1,CONTROL PANELS,EFF,22.827586,1,0,9,6
1525,U5,2,1,CONTROL PANELS,EFF,68.137931,1,0,9,6
1526,U5,2,1,CONTROL PANELS,EFF,162.551724,1,0,9,6
1527,U5,2,1,CONTROL PANELS,EFF,14.827586,1,0,9,6
1528,U5,2,1,CONTROL PANELS,NO,4817.379311,1,1,9,6
1530,U5,2,1,ELECTRICAL SYSTEM,EFF,66.896552,0,0,11,7
1531,U5,2,1,ELECTRICAL SYSTEM,OMF,348.62069,0,0,11,7
1532,U5,2,1,ELECTRICAL SYSTEM,EFF,0.137931,0,0,11,7
1533,U5,2,1,ELECTRICAL SYSTEM,EFF,0,0,0,11,7
1534,U5,2,1,ELECTRICAL SYSTEM,NO,4734.482758,0,1,11,7
1535,U5,2,1,ENGINE,NO,5150.137931,1,1,12,8
1536,U5,2,1,FRAME/TOWING,NO,5150.137931,0,1,13,9
1537,U5,2,1,FUEL SYSTEM,OMF,306.275862,0,0,14,10
1538,U5,2,1,FUEL SYSTEM,OMF,117.862069,0,0,14,10
1539,U5,2,1,FUEL SYSTEM,NO,4726,0,1,14,10
1540,U5,2,1,GFE,NO,5150.137931,1,1,15,11
1541,U5,2,1,HVAC,OMF,1062.896552,1,0,16,12
1542,U5,2,1,HVAC,EFF,53.448276,1,0,16,12
1543,U5,2,1,HVAC,NO,4033.793103,1,1,16,12
1544,U5,2,1,HYDRAULICS,EFF,85.793103,0,0,17,13
1545,U5,2,1,HYDRAULICS,NO,5064.344828,0,1,17,13
1547,U5,2,1,PROPELLER/SHAFTS,NO,5150.137931,0,1,19,14
1548,U5,2,1,RADIOS,EFF,26.689655,1,0,20,15
1549,U5,2,1,RADIOS,EFF,102.551724,1,0,20,15
1550,U5,2,1,RADIOS,EFF,28.344828,1,0,20,15
1551,U5,2,1,RADIOS,EFF,87.103448,1,0,20,15
1552,U5,2,1,RADIOS,EFF,0.068966,1,0,20,15
1553,U5,2,1,RADIOS,EFF,4.482758,1,0,20,15
1554,U5,2,1,RADIOS,NO,4900.896552,1,1,20,15
1555,U5,2,1,STEERING,EFF,85.793103,1,0,21,16
1556,U5,2,1,STEERING,EFF,20.413793,1,0,21,16
1557,U5,2,1,STEERING,EFF,61.517241,1,0,21,16
1558,U5,2,1,STEERING,EFF,0,1,0,21,16
1559,U5,2,1,STEERING,NO,4982.413794,1,1,21,16
1560,U5,2,1,SUSPENSION,EFF,299.379311,1,0,22,17
1561,U5,2,1,SUSPENSION,EFF,20.068965,1,0,22,17
1562,U5,2,1,SUSPENSION,EFF,28.551724,1,0,22,17
1563,U5,2,1,SUSPENSION,EFF,43.034483,1,0,22,17
1564,U5,2,1,SUSPENSION,NO,4759.103448,1,1,22,17
1568,U5,2,1,WARN/SCAN/SIGNAL,EFF,64.413793,0,0,25,18
1569,U5,2,1,WARN/SCAN/SIGNAL,EFF,54.068965,0,0,25,18
1570,U5,2,1,WARN/SCAN/SIGNAL,EFF,378.413793,0,0,25,18
1571,U5,2,1,WARN/SCAN/SIGNAL,EFF,97.310345,0,0,25,18
1572,U5,2,1,WARN/SCAN/SIGNAL,EFF,43.24138,0,0,25,18
1573,U5,2,1,WARN/SCAN/SIGNAL,EFF,27.103448,0,0,25,18
1574,U5,2,1,WARN/SCAN/SIGNAL,EFF,14.827586,0,0,25,18
1575,U5,2,1,WARN/SCAN/SIGNAL,EFF,24.551724,0,0,25,18
1576,U5,2,1,WARN/SCAN/SIGNAL,EFF,7.310345,0,0,25,18
1577,U5,2,1,WARN/SCAN/SIGNAL,EFF,123.034483,0,0,25,18
1578,U5,2,1,WARN/SCAN/SIGNAL,EFF,178.896552,0,0,25,18
1579,U5,2,1,WARN/SCAN/SIGNAL,EFF,3.172413,0,0,25,18
1580,U5,2,1,WARN/SCAN/SIGNAL,NO,4133.793104,0,1,25,18
1581,U5,2,1,WHEELS/TIRES,OMF,20.482759,1,0,26,19
1582,U5,2,1,WHEELS/TIRES,EFF,1.931035,1,0,26,19
1583,U5,2,1,WHEELS/TIRES,EFF,39.24138,1,0,26,19
1584,U5,2,1,WHEELS/TIRES,NO,5088.482757,1,1,26,19
1585,U5,2,2,ACCESSORIES,EFF,16.206896,0,0,1,1
1586,U5,2,2,ACCESSORIES,EFF,4.689655,0,0,1,1
1587,U5,2,2,ACCESSORIES,EFF,31.310345,0,0,1,1
1588,U5,2,2,ACCESSORIES,NO,6531.24138,0,1,1,1
1589,U5,2,2,AFES,EFF,49.862069,1,0,2,2
1590,U5,2,2,AFES,EFF,16.206896,1,0,2,2
1591,U5,2,2,AFES,EFF,38.551724,1,0,2,2
1592,U5,2,2,AFES,NO,6478.827587,1,1,2,2
1594,U5,2,2,AXLES/GEARED HUBS,EFF,92.206897,0,0,4,3
1595,U5,2,2,AXLES/GEARED HUBS,EFF,163.310346,0,0,4,3
1596,U5,2,2,AXLES/GEARED HUBS,NO,6327.931033,0,1,4,3
1599,U5,2,2,BODY/CAB/HOOD/HULL,EFF,16.206896,0,0,6,4
1600,U5,2,2,BODY/CAB/HOOD/HULL,EFF,200.206896,0,0,6,4
1601,U5,2,2,BODY/CAB/HOOD/HULL,EFF,0,0,0,6,4
1602,U5,2,2,BODY/CAB/HOOD/HULL,OMF,2.482759,0,0,6,4
1603,U5,2,2,BODY/CAB/HOOD/HULL,EFF,284.068966,0,0,6,4
1604,U5,2,2,BODY/CAB/HOOD/HULL,EFF,92.206897,0,0,6,4
1605,U5,2,2,BODY/CAB/HOOD/HULL,EFF,14.89656,0,0,6,4
1606,U5,2,2,BODY/CAB/HOOD/HULL,NO,5973.379302,0,1,6,4
1607,U5,2,2,BRAKES,OMF,30.965517,1,0,7,5
1608,U5,2,2,BRAKES,EFF,0,1,0,7,5
1609,U5,2,2,BRAKES,EFF,0,1,0,7,5
1610,U5,2,2,BRAKES,EFF,114.62069,1,0,7,5
1611,U5,2,2,BRAKES,EFF,20.896552,1,0,7,5
1612,U5,2,2,BRAKES,EFF,0,1,0,7,5
1613,U5,2,2,BRAKES,EFF,48.827586,1,0,7,5
1614,U5,2,2,BRAKES,NO,6368.137931,1,1,7,5
1616,U5,2,2,CONTROL PANELS,EFF,61.37931,1,0,9,6
1617,U5,2,2,CONTROL PANELS,EFF,158.896551,1,0,9,6
1618,U5,2,2,CONTROL PANELS,EFF,5.586207,1,0,9,6
1619,U5,2,2,CONTROL PANELS,EFF,88.62069,1,0,9,6
1620,U5,2,2,CONTROL PANELS,EFF,0,1,0,9,6
1621,U5,2,2,CONTROL PANELS,EFF,14.137931,1,0,9,6
1622,U5,2,2,CONTROL PANELS,EFF,47.37931,1,0,9,6
1623,U5,2,2,CONTROL PANELS,EFF,134.62069,1,0,9,6
1624,U5,2,2,CONTROL PANELS,EFF,6.827586,1,0,9,6
1625,U5,2,2,CONTROL PANELS,NO,6066.000001,1,1,9,6
1627,U5,2,2,ELECTRICAL SYSTEM,EFF,8.965517,0,0,11,7
1628,U5,2,2,ELECTRICAL SYSTEM,EFF,5.517242,0,0,11,7
1629,U5,2,2,ELECTRICAL SYSTEM,OMF,200.206896,0,0,11,7
1630,U5,2,2,ELECTRICAL SYSTEM,OMF,0.689655,0,0,11,7
1631,U5,2,2,ELECTRICAL SYSTEM,OMF,157.034482,0,0,11,7
1632,U5,2,2,ELECTRICAL SYSTEM,EFF,25.24138,0,0,11,7
1633,U5,2,2,ELECTRICAL SYSTEM,EFF,24.48275,0,0,11,7
1634,U5,2,2,ELECTRICAL SYSTEM,NO,6161.310354,0,1,11,7
1635,U5,2,2,ENGINE,EFF,71.103448,1,0,12,8
1636,U5,2,2,ENGINE,NO,6512.344828,1,1,12,8
1637,U5,2,2,FRAME/TOWING,EFF,10.344828,0,0,13,9
1638,U5,2,2,FRAME/TOWING,EFF,11.310345,0,0,13,9
1639,U5,2,2,FRAME/TOWING,EFF,0,0,0,13,9
1640,U5,2,2,FRAME/TOWING,EFF,2.13793,0,0,13,9
1641,U5,2,2,FRAME/TOWING,EFF,0.13793,0,0,13,9
1642,U5,2,2,FRAME/TOWING,NO,6559.517243,0,1,13,9
1643,U5,2,2,FUEL SYSTEM,EFF,8.482759,0,0,14,10
1644,U5,2,2,FUEL SYSTEM,NO,6574.965517,0,1,14,10
1645,U5,2,2,GFE,EFF,50.896552,1,0,15,11
1646,U5,2,2,GFE,EFF,128.13793,1,0,15,11
1647,U5,2,2,GFE,NO,6404.413794,1,1,15,11
1648,U5,2,2,HVAC,EFF,16.206896,1,0,16,12
1649,U5,2,2,HVAC,EFF,0.689655,1,0,16,12
1650,U5,2,2,HVAC,EFF,23.034482,1,0,16,12
1651,U5,2,2,HVAC,NO,6543.517243,1,1,16,12
1652,U5,2,2,HYDRAULICS,EFF,24.48275,0,0,17,13
1653,U5,2,2,HYDRAULICS,EFF,0,0,0,17,13
1654,U5,2,2,HYDRAULICS,EFF,0,0,0,17,13
1655,U5,2,2,HYDRAULICS,NO,6558.965526,0,1,17,13
1657,U5,2,2,PROPELLER/SHAFTS,NO,6583.448276,0,1,19,14
1658,U5,2,2,RADIOS,EFF,12.068966,1,0,20,15
1659,U5,2,2,RADIOS,EFF,0,1,0,20,15
1660,U5,2,2,RADIOS,OMF,187.448275,1,0,20,15
1661,U5,2,2,RADIOS,EFF,0,1,0,20,15
1662,U5,2,2,RADIOS,EFF,61.862069,1,0,20,15
1663,U5,2,2,RADIOS,EFF,76.482759,1,0,20,15
1664,U5,2,2,RADIOS,EFF,18.620689,1,0,20,15
1665,U5,2,2,RADIOS,EFF,134.62069,1,0,20,15
1666,U5,2,2,RADIOS,EFF,30.965517,1,0,20,15
1667,U5,2,2,RADIOS,NO,6061.379311,1,1,20,15
1668,U5,2,2,STEERING,EFF,212.689655,1,0,21,16
1669,U5,2,2,STEERING,EFF,0,1,0,21,16
1670,U5,2,2,STEERING,EFF,137.172414,1,0,21,16
1671,U5,2,2,STEERING,EFF,47.37931,1,0,21,16
1672,U5,2,2,STEERING,EFF,47.034483,1,0,21,16
1673,U5,2,2,STEERING,EFF,0,1,0,21,16
1674,U5,2,2,STEERING,EFF,9.448276,1,0,21,16
1675,U5,2,2,STEERING,EFF,249.172413,1,0,21,16
1676,U5,2,2,STEERING,EFF,0.689655,1,0,21,16
1677,U5,2,2,STEERING,EFF,175.37931,1,0,21,16
1678,U5,2,2,STEERING,EFF,21.034483,1,0,21,16
1679,U5,2,2,STEERING,EFF,38.55172,1,0,21,16
1680,U5,2,2,STEERING,OMF,160.27586,1,0,21,16
1681,U5,2,2,STEERING,EFF,0,1,0,21,16
1682,U5,2,2,STEERING,EFF,24.48275,1,0,21,16
1683,U5,2,2,STEERING,EFF,24.48275,1,0,21,16
1684,U5,2,2,STEERING,NO,5435.655197,1,1,21,16
1685,U5,2,2,SUSPENSION,EFF,112.551725,1,0,22,17
1686,U5,2,2,SUSPENSION,EFF,39.379311,1,0,22,17
1687,U5,2,2,SUSPENSION,EFF,117.517241,1,0,22,17
1688,U5,2,2,SUSPENSION,EFF,6.551724,1,0,22,17
1689,U5,2,2,SUSPENSION,NO,6307.448275,1,1,22,17
1692,U5,2,2,WARN/SCAN/SIGNAL,EFF,24.137931,0,0,25,18
1693,U5,2,2,WARN/SCAN/SIGNAL,EFF,5.448276,0,0,25,18
1694,U5,2,2,WARN/SCAN/SIGNAL,EFF,57.931034,0,0,25,18
1695,U5,2,2,WARN/SCAN/SIGNAL,EFF,35.724138,0,0,25,18
1696,U5,2,2,WARN/SCAN/SIGNAL,EFF,0,0,0,25,18
1697,U5,2,2,WARN/SCAN/SIGNAL,EFF,78.551724,0,0,25,18
1698,U5,2,2,WARN/SCAN/SIGNAL,EFF,40.206897,0,0,25,18
1699,U5,2,2,WARN/SCAN/SIGNAL,EFF,30.275862,0,0,25,18
1700,U5,2,2,WARN/SCAN/SIGNAL,EFF,80.965517,0,0,25,18
1701,U5,2,2,WARN/SCAN/SIGNAL,EFF,70.413793,0,0,25,18
1702,U5,2,2,WARN/SCAN/SIGNAL,EFF,133.517242,0,0,25,18
1703,U5,2,2,WARN/SCAN/SIGNAL,EFF,7.379311,0,0,25,18
1704,U5,2,2,WARN/SCAN/SIGNAL,EFF,60.75862,0,0,25,18
1705,U5,2,2,WARN/SCAN/SIGNAL,EFF,2.482759,0,0,25,18
1706,U5,2,2,WARN/SCAN/SIGNAL,EFF,55.103448,0,0,25,18
1707,U5,2,2,WARN/SCAN/SIGNAL,EFF,64.551724,0,0,25,18
1708,U5,2,2,WARN/SCAN/SIGNAL,EFF,0.206897,0,0,25,18
1709,U5,2,2,WARN/SCAN/SIGNAL,EFF,33.103448,0,0,25,18
1710,U5,2,2,WARN/SCAN/SIGNAL,EFF,43.172414,0,0,25,18
1711,U5,2,2,WARN/SCAN/SIGNAL,EFF,48.206896,0,0,25,18
1712,U5,2,2,WARN/SCAN/SIGNAL,EFF,40.137931,0,0,25,18
1713,U5,2,2,WARN/SCAN/SIGNAL,EFF,0,0,0,25,18
1714,U5,2,2,WARN/SCAN/SIGNAL,EFF,166.551724,0,0,25,18
1715,U5,2,2,WARN/SCAN/SIGNAL,EFF,26.206897,0,0,25,18
1716,U5,2,2,WARN/SCAN/SIGNAL,EFF,209.931035,0,0,25,18
1717,U5,2,2,WARN/SCAN/SIGNAL,EFF,3.793104,0,0,25,18
1718,U5,2,2,WARN/SCAN/SIGNAL,EFF,5.517242,0,0,25,18
1719,U5,2,2,WARN/SCAN/SIGNAL,EFF,163.310346,0,0,25,18
1720,U5,2,2,WARN/SCAN/SIGNAL,EFF,114.2069,0,0,25,18
1721,U5,2,2,WARN/SCAN/SIGNAL,EFF,73.17241,0,0,25,18
1722,U5,2,2,WARN/SCAN/SIGNAL,NO,4908.482756,0,1,25,18
1723,U5,2,2,WHEELS/TIRES,EFF,139.586207,1,0,26,19
1724,U5,2,2,WHEELS/TIRES,EFF,1.37931,1,0,26,19
1725,U5,2,2,WHEELS/TIRES,OMF,57.44828,1,0,26,19
1726,U5,2,2,WHEELS/TIRES,NO,6385.034479,1,1,26,19
1727,U5,2,3,ACCESSORIES,NO,5177.931034,0,1,1,1
1728,U5,2,3,AFES,NO,5177.931034,1,1,2,2
1730,U5,2,3,AXLES/GEARED HUBS,EFF,24.48276,0,0,4,3
1731,U5,2,3,AXLES/GEARED HUBS,EFF,0,0,0,4,3
1732,U5,2,3,AXLES/GEARED HUBS,EFF,8.89656,0,0,4,3
1733,U5,2,3,AXLES/GEARED HUBS,NO,5144.551714,0,1,4,3
1735,U5,2,3,BODY/CAB/HOOD/HULL,EFF,8.89656,0,0,6,4
1736,U5,2,3,BODY/CAB/HOOD/HULL,NO,5169.034474,0,1,6,4
1737,U5,2,3,BRAKES,EFF,131.51724,1,0,7,5
1738,U5,2,3,BRAKES,EFF,385.10345,1,0,7,5
1739,U5,2,3,BRAKES,NO,4661.310344,1,1,7,5
1741,U5,2,3,CONTROL PANELS,NO,5177.931034,1,1,9,6
1743,U5,2,3,ELECTRICAL SYSTEM,EFF,34.41379,0,0,11,7
1744,U5,2,3,ELECTRICAL SYSTEM,NO,5143.517244,0,1,11,7
1745,U5,2,3,ENGINE,EFF,253.72414,1,0,12,8
1746,U5,2,3,ENGINE,EFF,0,1,0,12,8
1747,U5,2,3,ENGINE,NO,4924.206894,1,1,12,8
1748,U5,2,3,FRAME/TOWING,NO,5177.931034,0,1,13,9
1749,U5,2,3,FUEL SYSTEM,EFF,34.41379,0,0,14,10
1750,U5,2,3,FUEL SYSTEM,EFF,8.89656,0,0,14,10
1751,U5,2,3,FUEL SYSTEM,NO,5134.620684,0,1,14,10
1752,U5,2,3,GFE,EFF,340.34483,1,0,15,11
1753,U5,2,3,GFE,NO,4837.586204,1,1,15,11
1754,U5,2,3,HVAC,EFF,1398.34482,1,0,16,12
1755,U5,2,3,HVAC,EFF,8.89656,1,0,16,12
1756,U5,2,3,HVAC,NO,3770.689654,1,1,16,12
1757,U5,2,3,HYDRAULICS,NO,5177.931034,0,1,17,13
1759,U5,2,3,PROPELLER/SHAFTS,NO,5177.931034,0,1,19,14
1760,U5,2,3,RADIOS,EFF,7.17242,1,0,20,15
1761,U5,2,3,RADIOS,OMF,0.06897,1,0,20,15
1762,U5,2,3,RADIOS,EFF,104.89655,1,0,20,15
1763,U5,2,3,RADIOS,EFF,385.10345,1,0,20,15
1764,U5,2,3,RADIOS,NO,4680.689644,1,1,20,15
1765,U5,2,3,STEERING,EFF,134.34483,1,0,21,16
1766,U5,2,3,STEERING,EFF,64.62069,1,0,21,16
1767,U5,2,3,STEERING,EFF,0,1,0,21,16
1768,U5,2,3,STEERING,EFF,256.68965,1,0,21,16
1769,U5,2,3,STEERING,NO,4722.275864,1,1,21,16
1770,U5,2,3,SUSPENSION,EFF,64.62069,1,0,22,17
1771,U5,2,3,SUSPENSION,EFF,0,1,0,22,17
1772,U5,2,3,SUSPENSION,EFF,0,1,0,22,17
1773,U5,2,3,SUSPENSION,EFF,0,1,0,22,17
1774,U5,2,3,SUSPENSION,EFF,0,1,0,22,17
1775,U5,2,3,SUSPENSION,EFF,0,1,0,22,17
1776,U5,2,3,SUSPENSION,EFF,385.10345,1,0,22,17
1777,U5,2,3,SUSPENSION,EFF,0,1,0,22,17
1778,U5,2,3,SUSPENSION,EFF,8.89656,1,0,22,17
1779,U5,2,3,SUSPENSION,EFF,0,1,0,22,17
1780,U5,2,3,SUSPENSION,NO,4719.310334,1,1,22,17
1783,U5,2,3,WARN/SCAN/SIGNAL,EFF,34.48275,0,0,25,18
1784,U5,2,3,WARN/SCAN/SIGNAL,EFF,83.93104,0,0,25,18
1785,U5,2,3,WARN/SCAN/SIGNAL,EFF,0.68965,0,0,25,18
1786,U5,2,3,WARN/SCAN/SIGNAL,EFF,256.06896,0,0,25,18
1787,U5,2,3,WARN/SCAN/SIGNAL,EFF,127.31035,0,0,25,18
1788,U5,2,3,WARN/SCAN/SIGNAL,EFF,363.44828,0,0,25,18
1789,U5,2,3,WARN/SCAN/SIGNAL,EFF,140.2069,0,0,25,18
1790,U5,2,3,WARN/SCAN/SIGNAL,EFF,12.89655,0,0,25,18
1791,U5,2,3,WARN/SCAN/SIGNAL,NO,4158.896554,0,1,25,18
1792,U5,2,3,WHEELS/TIRES,NO,5177.931034,1,1,26,19
1793,U6,2,1,ACCESSORIES,EFF,136.551724,0,0,1,1
1794,U6,2,1,ACCESSORIES,NO,4697.241379,0,1,1,1
1795,U6,2,1,AFES,EFF,108.965517,1,0,2,2
1796,U6,2,1,AFES,EFF,0,1,0,2,2
1797,U6,2,1,AFES,NO,4724.827586,1,1,2,2
1799,U6,2,1,AXLES/GEARED HUBS,EFF,16.551724,0,0,4,3
1800,U6,2,1,AXLES/GEARED HUBS,NO,4817.241379,0,1,4,3
1802,U6,2,1,BODY/CAB/HOOD/HULL,NO,4833.793103,0,1,6,4
1803,U6,2,1,BRAKES,EFF,37.931034,1,0,7,5
1804,U6,2,1,BRAKES,EFF,1.37931,1,0,7,5
1805,U6,2,1,BRAKES,EFF,43.448276,1,0,7,5
1806,U6,2,1,BRAKES,EFF,108.965517,1,0,7,5
1807,U6,2,1,BRAKES,EFF,0,1,0,7,5
1808,U6,2,1,BRAKES,EFF,380.689655,1,0,7,5
1809,U6,2,1,BRAKES,EFF,326.896552,1,0,7,5
1810,U6,2,1,BRAKES,EFF,16.551724,1,0,7,5
1811,U6,2,1,BRAKES,EFF,0,1,0,7,5
1812,U6,2,1,BRAKES,EFF,0,1,0,7,5
1813,U6,2,1,BRAKES,EFF,0,1,0,7,5
1814,U6,2,1,BRAKES,NO,3917.931035,1,1,7,5
1816,U6,2,1,CONTROL PANELS,NO,4833.793103,1,1,9,6
1818,U6,2,1,ELECTRICAL SYSTEM,EFF,27.586207,0,0,11,7
1819,U6,2,1,ELECTRICAL SYSTEM,EFF,339.310345,0,0,11,7
1820,U6,2,1,ELECTRICAL SYSTEM,EFF,444.827586,0,0,11,7
1821,U6,2,1,ELECTRICAL SYSTEM,OMF,104.137931,0,0,11,7
1822,U6,2,1,ELECTRICAL SYSTEM,EFF,16.551724,0,0,11,7
1823,U6,2,1,ELECTRICAL SYSTEM,NO,3901.37931,0,1,11,7
1824,U6,2,1,ENGINE,NO,4833.793103,1,1,12,8
1825,U6,2,1,FRAME/TOWING,NO,4833.793103,0,1,13,9
1826,U6,2,1,FUEL SYSTEM,NO,4833.793103,0,1,14,10
1827,U6,2,1,GFE,NO,4833.793103,1,1,15,11
1828,U6,2,1,HVAC,OMF,1063.448276,1,0,16,12
1829,U6,2,1,HVAC,EFF,1.37931,1,0,16,12
1830,U6,2,1,HVAC,OMF,144.137931,1,0,16,12
1831,U6,2,1,HVAC,EFF,13.793104,1,0,16,12
1832,U6,2,1,HVAC,OMF,133.103448,1,0,16,12
1833,U6,2,1,HVAC,EFF,13.793103,1,0,16,12
1834,U6,2,1,HVAC,OMF,128.965518,1,0,16,12
1835,U6,2,1,HVAC,EFF,380.689655,1,0,16,12
1836,U6,2,1,HVAC,NO,2954.482758,1,1,16,12
1837,U6,2,1,HYDRAULICS,NO,4833.793103,0,1,17,13
1839,U6,2,1,PROPELLER/SHAFTS,NO,4833.793103,0,1,19,14
1840,U6,2,1,RADIOS,EFF,136.551724,1,0,20,15
1841,U6,2,1,RADIOS,EFF,175.862069,1,0,20,15
1842,U6,2,1,RADIOS,EFF,144.827586,1,0,20,15
1843,U6,2,1,RADIOS,NO,4376.551724,1,1,20,15
1844,U6,2,1,STEERING,EFF,27.586207,1,0,21,16
1845,U6,2,1,STEERING,NO,4806.206896,1,1,21,16
1846,U6,2,1,SUSPENSION,EFF,544.137931,1,0,22,17
1847,U6,2,1,SUSPENSION,EFF,51.724138,1,0,22,17
1848,U6,2,1,SUSPENSION,NO,4237.931034,1,1,22,17
1851,U6,2,1,WARN/SCAN/SIGNAL,EFF,37.931034,0,0,25,18
1852,U6,2,1,WARN/SCAN/SIGNAL,EFF,1.37931,0,0,25,18
1853,U6,2,1,WARN/SCAN/SIGNAL,EFF,1.37931,0,0,25,18
1854,U6,2,1,WARN/SCAN/SIGNAL,EFF,109.655172,0,0,25,18
1855,U6,2,1,WARN/SCAN/SIGNAL,EFF,113.103448,0,0,25,18
1856,U6,2,1,WARN/SCAN/SIGNAL,NO,4570.344829,0,1,25,18
1857,U6,2,1,WHEELS/TIRES,OMF,92.413794,1,0,26,19
1858,U6,2,1,WHEELS/TIRES,NO,4741.379309,1,1,26,19
1859,U6,2,2,ACCESSORIES,EFF,90.344828,0,0,1,1
1860,U6,2,2,ACCESSORIES,NO,7167.586206,0,1,1,1
1861,U6,2,2,AFES,EFF,88.965517,1,0,2,2
1862,U6,2,2,AFES,EFF,90.344828,1,0,2,2
1863,U6,2,2,AFES,EFF,0,1,0,2,2
1864,U6,2,2,AFES,NO,7078.620689,1,1,2,2
1866,U6,2,2,AXLES/GEARED HUBS,EFF,55.862069,0,0,4,3
1867,U6,2,2,AXLES/GEARED HUBS,EFF,22.06896,0,0,4,3
1868,U6,2,2,AXLES/GEARED HUBS,NO,7180.000005,0,1,4,3
1870,U6,2,2,BODY/CAB/HOOD/HULL,EFF,0.689655,0,0,6,4
1871,U6,2,2,BODY/CAB/HOOD/HULL,NO,7257.241379,0,1,6,4
1872,U6,2,2,BRAKES,EFF,77.931034,1,0,7,5
1873,U6,2,2,BRAKES,EFF,148.275863,1,0,7,5
1874,U6,2,2,BRAKES,EFF,54.482758,1,0,7,5
1875,U6,2,2,BRAKES,EFF,38.62069,1,0,7,5
1876,U6,2,2,BRAKES,EFF,342.758621,1,0,7,5
1877,U6,2,2,BRAKES,OMF,265.517241,1,0,7,5
1878,U6,2,2,BRAKES,EFF,55.862069,1,0,7,5
1879,U6,2,2,BRAKES,EFF,55.862069,1,0,7,5
1880,U6,2,2,BRAKES,OMF,69.655172,1,0,7,5
1881,U6,2,2,BRAKES,OMF,80,1,0,7,5
1882,U6,2,2,BRAKES,EFF,226.896552,1,0,7,5
1883,U6,2,2,BRAKES,EFF,233.793104,1,0,7,5
1884,U6,2,2,BRAKES,EFF,90.344828,1,0,7,5
1885,U6,2,2,BRAKES,EFF,174.482762,1,0,7,5
1886,U6,2,2,BRAKES,EFF,0,1,0,7,5
1887,U6,2,2,BRAKES,EFF,0,1,0,7,5
1888,U6,2,2,BRAKES,EFF,475.17242,1,0,7,5
1889,U6,2,2,BRAKES,EFF,53.10345,1,0,7,5
1890,U6,2,2,BRAKES,NO,4815.172401,1,1,7,5
1892,U6,2,2,CONTROL PANELS,EFF,93.793103,1,0,9,6
1893,U6,2,2,CONTROL PANELS,NO,7164.137931,1,1,9,6
1895,U6,2,2,ELECTRICAL SYSTEM,EFF,13.793104,0,0,11,7
1896,U6,2,2,ELECTRICAL SYSTEM,EFF,11.724138,0,0,11,7
1897,U6,2,2,ELECTRICAL SYSTEM,EFF,73.793103,0,0,11,7
1898,U6,2,2,ELECTRICAL SYSTEM,EFF,210.344828,0,0,11,7
1899,U6,2,2,ELECTRICAL SYSTEM,EFF,74.482758,0,0,11,7
1900,U6,2,2,ELECTRICAL SYSTEM,EFF,525.517241,0,0,11,7
1901,U6,2,2,ELECTRICAL SYSTEM,EFF,0.68965,0,0,11,7
1902,U6,2,2,ELECTRICAL SYSTEM,NO,6347.586212,0,1,11,7
1903,U6,2,2,ENGINE,NO,7257.931034,1,1,12,8
1904,U6,2,2,FUEL SYSTEM,OMF,140,0,0,13,9
1905,U6,2,2,FUEL SYSTEM,EFF,128.965518,0,0,13,9
1906,U6,2,2,FUEL SYSTEM,NO,6988.965516,0,1,13,9
1907,U6,2,2,FRAME/TOWING,NO,7257.931034,0,1,14,10
1908,U6,2,2,GFE,EFF,31.034482,1,0,15,11
1909,U6,2,2,GFE,EFF,498.62069,1,0,15,11
1910,U6,2,2,GFE,NO,6728.275862,1,1,15,11
1911,U6,2,2,HVAC,EFF,18.62069,1,0,16,12
1912,U6,2,2,HVAC,EFF,148.275863,1,0,16,12
1913,U6,2,2,HVAC,EFF,134.482758,1,0,16,12
1914,U6,2,2,HVAC,EFF,191.724138,1,0,16,12
1915,U6,2,2,HVAC,EFF,57.241379,1,0,16,12
1916,U6,2,2,HVAC,OMF,14.48276,1,0,16,12
1917,U6,2,2,HVAC,OMF,17.24138,1,0,16,12
1918,U6,2,2,HVAC,NO,6675.862066,1,1,16,12
1919,U6,2,2,HYDRAULICS,EFF,76.551724,0,0,17,13
1920,U6,2,2,HYDRAULICS,EFF,25.517241,0,0,17,13
1921,U6,2,2,HYDRAULICS,EFF,100,0,0,17,13
1922,U6,2,2,HYDRAULICS,NO,7055.862069,0,1,17,13
1924,U6,2,2,PROPELLER/SHAFTS,EFF,25.517242,0,0,19,14
1925,U6,2,2,PROPELLER/SHAFTS,EFF,47.586207,0,0,19,14
1926,U6,2,2,PROPELLER/SHAFTS,EFF,25.517241,0,0,19,14
1927,U6,2,2,PROPELLER/SHAFTS,EFF,0,0,0,19,14
1928,U6,2,2,PROPELLER/SHAFTS,EFF,160.68965,0,0,19,14
1929,U6,2,2,PROPELLER/SHAFTS,NO,6998.620694,0,1,19,14
1930,U6,2,2,RADIOS,EFF,88.275862,1,0,20,15
1931,U6,2,2,RADIOS,EFF,4.137931,1,0,20,15
1932,U6,2,2,RADIOS,EFF,57.241379,1,0,20,15
1933,U6,2,2,RADIOS,EFF,498.62069,1,0,20,15
1934,U6,2,2,RADIOS,NO,6609.655172,1,1,20,15
1935,U6,2,2,STEERING,EFF,31.034482,1,0,21,16
1936,U6,2,2,STEERING,EFF,0,1,0,21,16
1937,U6,2,2,STEERING,EFF,0,1,0,21,16
1938,U6,2,2,STEERING,EFF,0,1,0,21,16
1939,U6,2,2,STEERING,NO,7226.896552,1,1,21,16
1940,U6,2,2,SUSPENSION,OMF,38.62069,1,0,22,17
1941,U6,2,2,SUSPENSION,EFF,179.310344,1,0,22,17
1942,U6,2,2,SUSPENSION,EFF,90.344828,1,0,22,17
1943,U6,2,2,SUSPENSION,EFF,174.482762,1,0,22,17
1944,U6,2,2,SUSPENSION,EFF,51.72414,1,0,22,17
1945,U6,2,2,SUSPENSION,EFF,91.03448,1,0,22,17
1946,U6,2,2,SUSPENSION,EFF,53.10345,1,0,22,17
1947,U6,2,2,SUSPENSION,EFF,0,1,0,22,17
1948,U6,2,2,SUSPENSION,EFF,0,1,0,22,17
1949,U6,2,2,SUSPENSION,EFF,0,1,0,22,17
1950,U6,2,2,SUSPENSION,EFF,0,1,0,22,17
1951,U6,2,2,SUSPENSION,EFF,0,1,0,22,17
1952,U6,2,2,SUSPENSION,EFF,0,1,0,22,17
1953,U6,2,2,SUSPENSION,EFF,0,1,0,22,17
1954,U6,2,2,SUSPENSION,EFF,0,1,0,22,17
1955,U6,2,2,SUSPENSION,NO,6579.31034,1,1,22,17
1958,U6,2,2,WARN/SCAN/SIGNAL,EFF,177.931035,0,0,25,18
1959,U6,2,2,WARN/SCAN/SIGNAL,EFF,101.37931,0,0,25,18
1960,U6,2,2,WARN/SCAN/SIGNAL,EFF,4.137931,0,0,25,18
1961,U6,2,2,WARN/SCAN/SIGNAL,EFF,262.758621,0,0,25,18
1962,U6,2,2,WARN/SCAN/SIGNAL,EFF,48.275863,0,0,25,18
1963,U6,2,2,WARN/SCAN/SIGNAL,EFF,90.344828,0,0,25,18
1964,U6,2,2,WARN/SCAN/SIGNAL,EFF,174.482762,0,0,25,18
1965,U6,2,2,WARN/SCAN/SIGNAL,NO,6398.620684,0,1,25,18
1966,U6,2,2,WHEELS/TIRES,NO,7257.931034,1,1,26,19
1967,U6,2,3,ACCESSORIES,EFF,31.03449,0,0,1,1
1968,U6,2,3,ACCESSORIES,NO,4867.5862,0,1,1,1
1969,U6,2,3,AFES,EFF,8.96552,1,0,2,2
1970,U6,2,3,AFES,EFF,0,1,0,2,2
1971,U6,2,3,AFES,NO,4889.65517,1,1,2,2
1973,U6,2,3,AXLES/GEARED HUBS,EFF,9.65517,0,0,4,3
1974,U6,2,3,AXLES/GEARED HUBS,EFF,60,0,0,4,3
1975,U6,2,3,AXLES/GEARED HUBS,NO,4828.96552,0,1,4,3
1977,U6,2,3,BODY/CAB/HOOD/HULL,NO,4898.62069,0,1,6,4
1978,U6,2,3,BRAKES,EFF,270.34483,1,0,7,5
1979,U6,2,3,BRAKES,NO,4628.27586,1,1,7,5
1981,U6,2,3,CONTROL PANELS,EFF,102.75862,1,0,9,6
1982,U6,2,3,CONTROL PANELS,NO,4795.86207,1,1,9,6
1985,U6,2,2,ELECTRICAL SYSTEM,EFF,0,0,0,11,7
1986,U6,2,3,ELECTRICAL SYSTEM,EFF,8.96552,0,0,11,7
1987,U6,2,3,ELECTRICAL SYSTEM,EFF,133.10345,0,0,11,7
1988,U6,2,3,ELECTRICAL SYSTEM,EFF,42.75862,0,0,11,7
1989,U6,2,3,ELECTRICAL SYSTEM,EFF,0,0,0,11,7
1990,U6,2,3,ELECTRICAL SYSTEM,EFF,212.41379,0,0,11,7
1991,U6,2,3,ELECTRICAL SYSTEM,EFF,185.51724,0,0,11,7
1992,U6,2,3,ELECTRICAL SYSTEM,EFF,112.41379,0,0,11,7
1993,U6,2,3,ELECTRICAL SYSTEM,EFF,270.34483,0,0,11,7
1994,U6,2,3,ELECTRICAL SYSTEM,NO,3933.10345,0,1,11,7
1995,U6,2,3,ENGINE,NO,4898.62069,1,1,12,8
1996,U6,2,3,FRAME/TOWING,NO,4898.62069,0,1,13,9
1997,U6,2,3,FUEL SYSTEM,NO,4898.62069,0,1,14,10
1998,U6,2,3,GFE,NO,4898.62069,1,1,15,11
1999,U6,2,3,HVAC,EFF,9.65517,1,0,16,12
2000,U6,2,3,HVAC,OMF,22.75862,1,0,16,12
2001,U6,2,3,HVAC,NO,4866.2069,1,1,16,12
2002,U6,2,2,HYDRAULICS,EFF,0,0,0,17,13
2003,U6,2,3,HYDRAULICS,NO,4898.62069,0,1,17,13
2005,U6,2,3,PROPELLER/SHAFTS,EFF,197.93104,0,0,19,14
2006,U6,2,3,PROPELLER/SHAFTS,EFF,321.37931,0,0,19,14
2007,U6,2,3,PROPELLER/SHAFTS,EFF,681.37931,0,0,19,14
2008,U6,2,3,PROPELLER/SHAFTS,NO,3697.93103,0,1,19,14
2009,U6,2,3,RADIOS,EFF,42.75862,1,0,20,15
2010,U6,2,3,RADIOS,EFF,255.17241,1,0,20,15
2011,U6,2,3,RADIOS,EFF,39.31035,1,0,20,15
2012,U6,2,3,RADIOS,NO,4561.37931,1,1,20,15
2013,U6,2,2,STEERING,EFF,0,1,0,21,16
2014,U6,2,3,STEERING,EFF,8.96552,1,0,21,16
2015,U6,2,3,STEERING,EFF,204.13793,1,0,21,16
2016,U6,2,3,STEERING,EFF,60,1,0,21,16
2017,U6,2,3,STEERING,EFF,0,1,0,21,16
2018,U6,2,3,STEERING,EFF,321.37931,1,0,21,16
2019,U6,2,3,STEERING,EFF,20.68965,1,0,21,16
2020,U6,2,3,STEERING,NO,4283.44828,1,1,21,16
2021,U6,2,3,SUSPENSION,EFF,24.13793,1,0,22,17
2022,U6,2,3,SUSPENSION,EFF,0,1,0,22,17
2023,U6,2,3,SUSPENSION,EFF,204.13793,1,0,22,17
2024,U6,2,3,SUSPENSION,EFF,60,1,0,22,17
2025,U6,2,3,SUSPENSION,NO,4610.34483,1,1,22,17
2028,U6,2,3,WARN/SCAN/SIGNAL,EFF,8.96552,0,0,25,18
2029,U6,2,3,WARN/SCAN/SIGNAL,EFF,2.06896,0,0,25,18
2030,U6,2,3,WARN/SCAN/SIGNAL,EFF,173.10345,0,0,25,18
2031,U6,2,3,WARN/SCAN/SIGNAL,EFF,178.62069,0,0,25,18
2032,U6,2,3,WARN/SCAN/SIGNAL,EFF,70.34483,0,0,25,18
2033,U6,2,3,WARN/SCAN/SIGNAL,NO,4465.51724,0,1,25,18
2034,U6,2,3,WHEELS/TIRES,EFF,204.13793,1,0,26,19
2035,U6,2,3,WHEELS/TIRES,EFF,295.17242,1,0,26,19
2036,U6,2,3,WHEELS/TIRES,NO,4399.31034,1,1,26,19
130,C3,4,1,Rare,EFF,191.724138,0,0,27,20
220,C3,4,1,Rare,NO,3969.655172,0,1,27,20
334,C3,4,2,Rare,EFF,48.965517,0,0,27,20
421,C3,4,2,Rare,EFF,48.965517,0,0,27,20
5,C3,4,2,Rare,EFF,0,0,0,27,20
69,C3,4,2,Rare,EFF,35.172,0,0,27,20
74,C3,4,2,Rare,NO,6157.931035,0,0,27,20
8,C3,4,3,Rare,NO,6548.965517,0,1,27,20
911,G4,4,1,Rare,EFF,19.310344,0,0,27,20
105,G4,4,1,Rare,NO,5033.793104,0,1,27,20
1110,G4,4,2,Rare,EFF,11.724138,0,0,27,20
1212,G4,4,2,Rare,NO,5446.896552,0,1,27,20
131,G4,4,3,Rare,NO,6475.862069,0,1,27,20
1418,G9,4,1,Rare,EFF,4.551724,0,0,27,20
1512,G9,4,1,Rare,EFF,30.758621,0,0,27,20
1615,G9,4,1,Rare,OMF,7.517241,0,0,27,20
17,G9,4,1,Rare,NO,3887.862138,0,1,27,20
188,G9,4,2,Rare,NO,6721.37931,0,1,27,20
19,G9,4,3,Rare,NO,6260,0,1,27,20
2026,H4,4,1,Rare,EFF,47.310345,0,0,27,20
2110,H4,4,1,Rare,NO,4394.827586,0,1,27,20
2210,H4,4,2,Rare,EFF,37.793104,0,0,27,20
2310,H4,4,2,Rare,NO,7502.206896,0,1,27,20
241,H4,4,3,Rare,EFF,76.34483,0,0,27,20
254,H4,4,3,Rare,NO,4852.620687,0,1,27,20
269,U2,2,1,Rare,NO,3262.551724,0,1,27,20
273,U2,2,2,Rare,EFF,237.448276,0,0,27,20
2810,U2,2,2,Rare,OMF,19.965517,0,0,27,20
293,U2,2,2,Rare,NO,4332,0,1,27,20
308,U2,2,3,Rare,EFF,45.034482,0,0,27,20
3110,U2,2,3,Rare,EFF,87.06896,0,0,27,20
3210,U2,2,3,Rare,NO,5748.620695,0,1,27,20
33,U3,2,1,Rare,NO,4337.241379,0,1,27,20
3410,U3,2,2,Rare,EFF,26.206897,0,0,27,20
354,U3,2,2,Rare,NO,5943.448275,0,1,27,20
3610,U3,2,3,Rare,EFF,243.448276,0,0,27,20
3710,U3,2,3,Rare,EFF,102.06897,0,0,27,20
382,U3,2,3,Rare,NO,6326.896547,0,1,27,20
3910,U5,2,1,Rare,EFF,19.931034,0,0,27,20
4010,U5,2,1,Rare,NO,5130.206897,0,1,27,20
4110,U5,2,2,Rare,EFF,30.965517,0,0,27,20
422,U5,2,2,Rare,NO,6552.482759,0,1,27,20
438,U5,2,3,Rare,NO,5177.931034,0,1,27,20
442,U6,2,1,Rare,NO,4833.793103,0,1,27,20
453,U6,2,2,Rare,NO,7257.931034,0,1,27,20
468,U6,2,3,Rare,EFF,270.34483,0,0,27,20
4710,U6,2,3,Rare,NO,4628.27586,0,1,27,20