Vehicle,Seats,Phase,Subsystems,Class,MBF,Common,Censor,Subsytem ID
C3,4,1,ACCESSORIES,NO,4161.37931,0,1,1
C3,4,1,AFES,EFF,6.896551,1,0,2
C3,4,1,AFES,EFF,97.931034,1,0,2
C3,4,1,AFES,NO,4056.551725,1,1,2
C3,4,1,ARMOR,NO,4161.37931,0,1,3
C3,4,1,AXLES/GEARED HUBS,EFF,4.137931,0,0,4
C3,4,1,AXLES/GEARED HUBS,NO,4157.241379,0,1,4
C3,4,1,BII,NO,4161.37931,1,1,5
C3,4,1,BODY/CAB/HOOD/HULL,EFF,122.068965,0,0,6
C3,4,1,BODY/CAB/HOOD/HULL,EFF,57.241379,0,0,6
C3,4,1,BODY/CAB/HOOD/HULL,NO,3982.068966,0,1,6
C3,4,1,BRAKES,EFF,17.24138,1,0,7
C3,4,1,BRAKES,EFF,57.241379,1,0,7
C3,4,1,BRAKES,EFF,42.068966,1,0,7
C3,4,1,BRAKES,OMF,180,1,0,7
C3,4,1,BRAKES,NO,3864.827585,1,1,7
C3,4,1,COMPLETE VEHICLE,NO,4161.37931,0,1,8
C3,4,1,CONTROL PANELS,NO,4161.37931,1,1,9
C3,4,1,CTIS,NO,4161.37931,0,1,10
C3,4,1,ELECTRICAL SYSTEM,EFF,10.344828,0,0,11
C3,4,1,ELECTRICAL SYSTEM,NO,4151.034482,0,1,11
C3,4,1,ENGINE,OMF,146.896552,1,0,12
C3,4,1,ENGINE,NO,4014.482758,1,1,12
C3,4,1,FRAME/TOWING,NO,4161.37931,0,1,13
C3,4,1,FUEL SYSTEM,NO,4161.37931,0,1,14
C3,4,1,GFE,NO,4161.37931,1,1,15
C3,4,1,HVAC,OMF,97.931034,1,0,16
C3,4,1,HVAC,EFF,0,1,0,16
C3,4,1,HVAC,EFF,191.724138,1,0,16
C3,4,1,HVAC,EFF,0,1,0,16
C3,4,1,HVAC,NO,3871.724138,1,1,16
C3,4,1,HYDRAULICS,NO,4161.37931,0,1,17
C3,4,1,PNEUMATIC SYSTEM,NO,4161.37931,0,1,18
C3,4,1,PROPELLER/SHAFTS,NO,4161.37931,0,1,19
C3,4,1,RADIOS,EFF,1049.655172,1,0,20
C3,4,1,RADIOS,EFF,160,1,0,20
C3,4,1,RADIOS,EFF,0,1,0,20
C3,4,1,RADIOS,EFF,204.137931,1,0,20
C3,4,1,RADIOS,EFF,306.206896,1,0,20
C3,4,1,RADIOS,EFF,414.482759,1,0,20
C3,4,1,RADIOS,EFF,0,1,0,20
C3,4,1,RADIOS,EFF,70.344828,1,0,20
C3,4,1,RADIOS,EFF,6.896551,1,0,20
C3,4,1,RADIOS,EFF,136.551724,1,0,20
C3,4,1,RADIOS,EFF,146.896552,1,0,20
C3,4,1,RADIOS,EFF,51.034483,1,0,20
C3,4,1,RADIOS,EFF,40.689655,1,0,20
C3,4,1,RADIOS,EFF,48.965518,1,0,20
C3,4,1,RADIOS,NO,1525.517241,1,1,20
C3,4,1,STEERING,EFF,191.724138,1,0,21
C3,4,1,STEERING,NO,3969.655172,1,1,21
C3,4,1,SUSPENSION,NO,4161.37931,1,1,22
C3,4,1,TRANSFER CASE,EFF,191.724138,0,0,23
C3,4,1,TRANSFER CASE,NO,3969.655172,0,1,23
C3,4,1,TRANSMISSION,NO,4161.37931,1,1,24
C3,4,1,WARN/SCAN/SIGNAL,EFF,95.172414,0,0,25
C3,4,1,WARN/SCAN/SIGNAL,EFF,60,0,0,25
C3,4,1,WARN/SCAN/SIGNAL,EFF,136.551724,0,0,25
C3,4,1,WARN/SCAN/SIGNAL,EFF,84.827586,0,0,25
C3,4,1,WARN/SCAN/SIGNAL,EFF,48.965518,0,0,25
C3,4,1,WARN/SCAN/SIGNAL,EFF,17.931034,0,0,25
C3,4,1,WARN/SCAN/SIGNAL,EFF,544.827586,0,0,25
C3,4,1,WARN/SCAN/SIGNAL,NO,3173.103448,0,1,25
C3,4,1,WHEELS/TIRES,NO,4161.37931,1,1,26
C3,4,2,ACCESSORIES,NO,6242.068966,0,1,1
C3,4,2,AFES,EFF,89.655172,1,0,1
C3,4,2,AFES,EFF,8.965517,1,0,2
C3,4,2,AFES,NO,6143.448277,1,1,2
C3,4,2,ARMOR,NO,6242.068966,0,1,3
C3,4,2,AXLES/GEARED HUBS,EFF,155.172413,0,0,4
C3,4,2,AXLES/GEARED HUBS,EFF,84.137931,0,0,4
C3,4,2,AXLES/GEARED HUBS,EFF,8.275862,0,0,4
C3,4,2,AXLES/GEARED HUBS,NO,5994.48276,0,1,4
C3,4,2,BII,NO,6242.068966,1,1,5
C3,4,2,BODY/CAB/HOOD/HULL,EFF,15.172414,0,0,6
C3,4,2,BODY/CAB/HOOD/HULL,EFF,25.517241,0,0,6
C3,4,2,BODY/CAB/HOOD/HULL,EFF,0,0,0,6
C3,4,2,BODY/CAB/HOOD/HULL,EFF,44.137931,0,0,6
C3,4,2,BODY/CAB/HOOD/HULL,EFF,8.275862,0,0,6
C3,4,2,BODY/CAB/HOOD/HULL,EFF,698.62069,0,0,6
C3,4,2,BODY/CAB/HOOD/HULL,EFF,48.965517,0,0,6
C3,4,2,BODY/CAB/HOOD/HULL,NO,5401.379311,0,1,6
C3,4,2,BRAKES,EFF,286.206897,1,0,7
C3,4,2,BRAKES,EFF,70.344827,1,0,7
C3,4,2,BRAKES,EFF,10.344828,1,0,7
C3,4,2,BRAKES,EFF,8.275862,1,0,7
C3,4,2,BRAKES,EFF,42.75862,1,0,7
C3,4,2,BRAKES,EFF,70.344827,1,0,7
C3,4,2,BRAKES,OMF,21.379311,1,0,7
C3,4,2,BRAKES,OMF,8.275862,1,0,7
C3,4,2,BRAKES,EFF,35.172414,1,0,7
C3,4,2,BRAKES,EFF,181.379311,1,0,7
C3,4,2,BRAKES,EFF,222.75862,1,0,7
C3,4,2,BRAKES,EFF,8.275862,1,0,7
C3,4,2,BRAKES,EFF,0,1,0,7
C3,4,2,BRAKES,EFF,0,1,0,7
C3,4,2,BRAKES,EFF,48.965517,1,0,7
C3,4,2,BRAKES,EFF,0,1,0,7
C3,4,2,BRAKES,NO,5227.586208,1,1,7
C3,4,2,COMPLETE VEHICLE,NO,6242.068966,0,1,8
C3,4,2,CONTROL PANELS,EFF,93.793103,1,0,9
C3,4,2,CONTROL PANELS,EFF,35.172414,1,0,9
C3,4,2,CONTROL PANELS,EFF,9.655173,1,0,9
C3,4,2,CONTROL PANELS,NO,6103.448276,1,1,9
C3,4,2,CTIS,EFF,48.965517,0,0,10
C3,4,2,CTIS,EFF,0,0,0,10
C3,4,2,CTIS,NO,6193.103449,0,1,10
C3,4,2,ELECTRICAL SYSTEM,EFF,146.206897,0,0,11
C3,4,2,ELECTRICAL SYSTEM,EFF,65.517241,0,0,11
C3,4,2,ELECTRICAL SYSTEM,EFF,17.931035,0,0,11
C3,4,2,ELECTRICAL SYSTEM,EFF,0.689655,0,0,11
C3,4,2,ELECTRICAL SYSTEM,EFF,262.758621,0,0,11
C3,4,2,ELECTRICAL SYSTEM,EFF,31.034483,0,0,11
C3,4,2,ELECTRICAL SYSTEM,EFF,8.965517,0,0,11
C3,4,2,ELECTRICAL SYSTEM,NO,5708.965517,0,1,11
C3,4,2,ENGINE,NO,6242.068966,1,1,12
C3,4,2,FRAME/TOWING,NO,6242.068966,0,1,13
C3,4,2,FUEL SYSTEM,NO,6242.068966,0,1,14
C3,4,2,GFE,NO,6242.068966,1,1,15
C3,4,2,HVAC,OMF,33.793103,1,0,16
C3,4,2,HVAC,EFF,24.827586,1,0,16
C3,4,2,HVAC,EFF,33.103449,1,0,16
C3,4,2,HVAC,EFF,52.413793,1,0,16
C3,4,2,HVAC,OMF,44.827586,1,0,16
C3,4,2,HVAC,EFF,48.965517,1,0,16
C3,4,2,HVAC,NO,6004.137932,1,1,16
C3,4,2,HYDRAULICS,EFF,14.482759,0,0,17
C3,4,2,HYDRAULICS,EFF,48.965517,0,0,17
C3,4,2,HYDRAULICS,NO,6178.62069,0,1,17
C3,4,2,PNEUMATIC SYSTEM,EFF,84.137931,0,0,18
C3,4,2,PNEUMATIC SYSTEM,NO,6157.931035,0,1,18
C3,4,2,PROPELLER/SHAFTS,EFF,244.137931,0,0,19
C3,4,2,PROPELLER/SHAFTS,EFF,84.137931,0,0,19
C3,4,2,PROPELLER/SHAFTS,EFF,0,0,0,19
C3,4,2,PROPELLER/SHAFTS,EFF,17.241379,0,0,19
C3,4,2,PROPELLER/SHAFTS,EFF,0,0,0,19
C3,4,2,PROPELLER/SHAFTS,EFF,6.206896,0,0,19
C3,4,2,PROPELLER/SHAFTS,EFF,120.689655,0,0,19
C3,4,2,PROPELLER/SHAFTS,NO,5769.655174,0,1,19
C3,4,1,RADIOS,EFF,0,1,0,20
C3,4,2,RADIOS,EFF,184.827587,1,0,20
C3,4,2,RADIOS,EFF,109.655173,1,0,20
C3,4,2,RADIOS,EFF,11.724138,1,0,20
C3,4,2,RADIOS,EFF,75.172414,1,0,20
C3,4,2,RADIOS,EFF,66.206896,1,0,20
C3,4,2,RADIOS,OMF,49.655172,1,0,20
C3,4,2,RADIOS,EFF,43.448276,1,0,20
C3,4,2,RADIOS,NO,5701.37931,1,1,20
C3,4,2,STEERING,EFF,24.827586,1,0,21
C3,4,2,STEERING,EFF,8.275862,1,0,21
C3,4,2,STEERING,EFF,71.724138,1,0,21
C3,4,2,STEERING,EFF,48.965517,1,0,21
C3,4,2,STEERING,EFF,0,1,0,21
C3,4,2,STEERING,EFF,8.965517,1,0,21
C3,4,2,STEERING,EFF,8.965517,1,0,21
C3,4,2,STEERING,NO,6070.344829,1,1,21
C3,4,2,SUSPENSION,EFF,95.172414,1,0,22
C3,4,2,SUSPENSION,EFF,0,1,0,22
C3,4,2,SUSPENSION,EFF,0,1,0,22
C3,4,2,SUSPENSION,EFF,0,1,0,22
C3,4,2,SUSPENSION,EFF,0,1,0,22
C3,4,2,SUSPENSION,EFF,191.724138,1,0,22
C3,4,2,SUSPENSION,EFF,51.724138,1,0,22
C3,4,2,SUSPENSION,EFF,311.034482,1,0,22
C3,4,2,SUSPENSION,OMF,17.931035,1,0,22
C3,4,2,SUSPENSION,EFF,455.172414,1,0,22
C3,4,2,SUSPENSION,EFF,48.965517,1,0,22
C3,4,2,SUSPENSION,EFF,0,1,0,22
C3,4,2,SUSPENSION,EFF,0,1,0,22
C3,4,2,SUSPENSION,EFF,0,1,0,22
C3,4,2,SUSPENSION,NO,5070.344828,1,1,22
C3,4,2,TRANSFER CASE,EFF,48.965517,0,0,23
C3,4,2,TRANSFER CASE,NO,6193.103449,0,1,23
C3,4,2,TRANSMISSION,NO,6242.068966,1,1,24
C3,4,2,WARN/SCAN/SIGNAL,EFF,30.344828,0,0,25
C3,4,2,WARN/SCAN/SIGNAL,EFF,26.896552,0,0,25
C3,4,2,WARN/SCAN/SIGNAL,EFF,19.310345,0,0,25
C3,4,2,WARN/SCAN/SIGNAL,EFF,44.827586,0,0,25
C3,4,2,WARN/SCAN/SIGNAL,EFF,48.965517,0,0,25
C3,4,2,WARN/SCAN/SIGNAL,EFF,60,0,0,25
C3,4,2,WARN/SCAN/SIGNAL,NO,6011.724138,0,1,25
C3,4,2,WHEELS/TIRES,EFF,8.275862,1,0,26
C3,4,2,WHEELS/TIRES,NO,6233.793104,1,1,26
C3,4,3,ACCESSORIES,EFF,48.965518,0,0,1
C3,4,3,ACCESSORIES,EFF,490.34483,0,0,1
C3,4,3,ACCESSORIES,NO,6009.655169,0,1,1
C3,4,3,AFES,NO,6548.965517,1,1,2
C3,4,3,ARMOR,NO,6548.965517,0,1,3
C3,4,3,AXLES/GEARED HUBS,NO,6548.965517,0,1,4
C3,4,3,BII,NO,6548.965517,1,1,5
C3,4,3,BODY/CAB/HOOD/HULL,NO,6548.965517,0,1,6
C3,4,3,BRAKES,EFF,106.20689,1,0,7
C3,4,3,BRAKES,EFF,490.34483,1,0,7
C3,4,3,BRAKES,NO,5952.413797,1,1,7
C3,4,3,COMPLETE VEHICLE,NO,6548.965517,0,1,8
C3,4,3,CONTROL PANELS,NO,6548.965517,1,1,9
C3,4,3,CTIS,NO,6548.965517,0,1,10
C3,4,3,ELECTRICAL SYSTEM,EFF,88.275862,0,0,11
C3,4,3,ELECTRICAL SYSTEM,EFF,175.172413,0,0,11
C3,4,3,ELECTRICAL SYSTEM,EFF,386.20689,0,0,11
C3,4,3,ELECTRICAL SYSTEM,EFF,160,0,0,11
C3,4,3,ELECTRICAL SYSTEM,OMF,138.62069,0,0,11
C3,4,3,ELECTRICAL SYSTEM,EFF,209.65517,0,0,11
C3,4,3,ELECTRICAL SYSTEM,EFF,1372.41379,0,0,11
C3,4,3,ELECTRICAL SYSTEM,NO,4018.620702,0,1,11
C3,4,3,ENGINE,NO,6548.965517,1,1,12
C3,4,3,FRAME/TOWING,NO,6548.965517,0,1,13
C3,4,3,FUEL SYSTEM,EFF,30.34483,0,0,14
C3,4,3,FUEL SYSTEM,EFF,40,0,0,14
C3,4,3,FUEL SYSTEM,NO,6478.620687,0,1,14
C3,4,3,GFE,EFF,1372.41379,1,0,15
C3,4,3,GFE,NO,5176.551727,1,1,15
C3,4,3,HVAC,OMF,15.86207,1,0,16
C3,4,3,HVAC,EFF,37.93103,1,0,16
C3,4,3,HVAC,EFF,0,1,0,16
C3,4,3,HVAC,EFF,1372.41379,1,0,16
C3,4,3,HVAC,NO,5122.758627,1,1,16
C3,4,3,HYDRAULICS,EFF,106.20689,0,0,17
C3,4,3,HYDRAULICS,NO,6442.758627,0,1,17
C3,4,3,PNEUMATIC SYSTEM,NO,6548.965517,0,1,18
C3,4,3,PROPELLER/SHAFTS,EFF,138.62069,0,0,19
C3,4,3,PROPELLER/SHAFTS,EFF,190.34483,0,0,19
C3,4,3,PROPELLER/SHAFTS,EFF,22.06897,0,0,19
C3,4,3,PROPELLER/SHAFTS,EFF,83.44827,0,0,19
C3,4,3,PROPELLER/SHAFTS,NO,6114.482757,0,1,19
C3,4,3,RADIOS,EFF,190.34483,1,0,20
C3,4,3,RADIOS,OMF,138.62069,1,0,20
C3,4,3,RADIOS,EFF,382.06897,1,0,20
C3,4,3,RADIOS,EFF,239.31035,1,0,20
C3,4,3,RADIOS,NO,5598.620677,1,1,20
C3,4,3,STEERING,EFF,160,1,0,21
C3,4,3,STEERING,EFF,106.20689,1,0,21
C3,4,3,STEERING,NO,6282.758627,1,1,21
C3,4,3,SUSPENSION,EFF,213.793103,1,0,22
C3,4,3,SUSPENSION,EFF,106.20689,1,0,22
C3,4,3,SUSPENSION,EFF,60.68965,1,0,22
C3,4,3,SUSPENSION,EFF,0,1,0,22
C3,4,3,SUSPENSION,EFF,490.34483,1,0,22
C3,4,3,SUSPENSION,NO,5677.931044,1,1,22
C3,4,3,TRANSFER CASE,NO,6548.965517,0,1,23
C3,4,3,TRANSMISSION,NO,6548.965517,1,1,24
C3,4,3,WARN/SCAN/SIGNAL,EFF,60.689656,0,0,25
C3,4,3,WARN/SCAN/SIGNAL,EFF,11.03449,0,0,25
C3,4,3,WARN/SCAN/SIGNAL,EFF,79.31035,0,0,25
C3,4,3,WARN/SCAN/SIGNAL,EFF,607.5862,0,0,25
C3,4,3,WARN/SCAN/SIGNAL,NO,5790.344821,0,1,25
C3,4,3,WHEELS/TIRES,NO,6548.965517,1,1,26
G4,4,1,ACCESSORIES,EFF,36.551725,0,0,1
G4,4,1,ACCESSORIES,NO,5016.551723,0,1,1
G4,4,1,AFES,EFF,206.896552,1,0,2
G4,4,1,AFES,EFF,322.758621,1,0,2
G4,4,1,AFES,EFF,0,1,0,2
G4,4,1,AFES,NO,4523.448275,1,1,2
G4,4,1,ARMOR,NO,5053.103448,0,1,3
G4,4,1,AXLES/GEARED HUBS,EFF,191.034482,0,0,4
G4,4,1,AXLES/GEARED HUBS,EFF,77.24138,0,0,4
G4,4,1,AXLES/GEARED HUBS,NO,4784.827586,0,1,4
G4,4,1,BII,NO,5053.103448,1,1,5
G4,4,1,BODY/CAB/HOOD/HULL,EFF,138.62069,0,0,6
G4,4,1,BODY/CAB/HOOD/HULL,EFF,0.689655,0,0,6
G4,4,1,BODY/CAB/HOOD/HULL,NO,4913.793103,0,1,6
G4,4,1,BRAKES,EFF,206.896552,1,0,7
G4,4,1,BRAKES,EFF,36.551724,1,0,7
G4,4,1,BRAKES,EFF,138.62069,1,0,7
G4,4,1,BRAKES,EFF,93.103448,1,0,7
G4,4,1,BRAKES,EFF,10.344828,1,0,7
G4,4,1,BRAKES,EFF,0.689655,1,0,7
G4,4,1,BRAKES,NO,4566.896551,1,1,7
G4,4,1,COMPLETE VEHICLE,NO,5053.103448,0,1,8
G4,4,1,CONTROL PANELS,EFF,553.793104,1,0,9
G4,4,1,CONTROL PANELS,EFF,148.965518,1,0,9
G4,4,1,CONTROL PANELS,NO,4350.344826,1,1,9
G4,4,1,CTIS,NO,5053.103448,0,1,10
G4,4,1,ELECTRICAL SYSTEM,EFF,0.689656,0,0,11
G4,4,1,ELECTRICAL SYSTEM,OMF,54.482758,0,0,11
G4,4,1,ELECTRICAL SYSTEM,EFF,2.75862,0,0,11
G4,4,1,ELECTRICAL SYSTEM,EFF,122.758621,0,0,11
G4,4,1,ELECTRICAL SYSTEM,EFF,2.068966,0,0,11
G4,4,1,ELECTRICAL SYSTEM,EFF,9.655172,0,0,11
G4,4,1,ELECTRICAL SYSTEM,NO,4860.689655,0,1,11
G4,4,1,ENGINE,NO,5053.103448,1,1,12
G4,4,1,FRAME/TOWING,NO,5053.103448,0,1,13
G4,4,1,FUEL SYSTEM,NO,5053.103448,0,1,14
G4,4,1,GFE,NO,5053.103448,1,1,15
G4,4,1,HVAC,EFF,206.896552,1,0,16
G4,4,1,HVAC,EFF,2.758621,1,0,16
G4,4,1,HVAC,EFF,322.758621,1,0,16
G4,4,1,HVAC,OMF,16.551724,1,0,16
G4,4,1,HVAC,EFF,0.689655,1,0,16
G4,4,1,HVAC,NO,4503.448275,1,1,16
G4,4,1,HYDRAULICS,EFF,193.793104,0,0,17
G4,4,1,HYDRAULICS,NO,4859.310344,0,1,17
G4,4,1,PNEUMATIC SYSTEM,EFF,19.310344,0,0,18
G4,4,1,PNEUMATIC SYSTEM,NO,5033.793104,0,1,18
G4,4,1,PROPELLER/SHAFTS,NO,5053.103448,0,1,19
G4,4,1,RADIOS,EFF,159.310345,1,0,20
G4,4,1,RADIOS,EFF,122.758621,1,0,20
G4,4,1,RADIOS,EFF,77.24138,1,0,20
G4,4,1,RADIOS,EFF,93.793103,1,0,20
G4,4,1,RADIOS,EFF,42.75862,1,0,20
G4,4,1,RADIOS,NO,4557.241379,1,1,20
G4,4,1,STEERING,NO,5053.103448,1,1,21
G4,4,1,SUSPENSION,EFF,0.689655,1,0,22
G4,4,1,SUSPENSION,EFF,0,1,0,22
G4,4,1,SUSPENSION,EFF,0,1,0,22
G4,4,1,SUSPENSION,EFF,0,1,0,22
G4,4,1,SUSPENSION,NO,5052.413793,1,1,22
G4,4,1,TRANSFER CASE,NO,5053.103448,0,1,23
G4,4,1,TRANSMISSION,NO,5053.103448,1,1,24
G4,4,1,WARN/SCAN/SIGNAL,EFF,1069.655172,0,0,25
G4,4,1,WARN/SCAN/SIGNAL,EFF,40,0,0,25
G4,4,1,WARN/SCAN/SIGNAL,EFF,16.551725,0,0,25
G4,4,1,WARN/SCAN/SIGNAL,EFF,88.965517,0,0,25
G4,4,1,WARN/SCAN/SIGNAL,EFF,553.793104,0,0,25
G4,4,1,WARN/SCAN/SIGNAL,EFF,388.275862,0,0,25
G4,4,1,WARN/SCAN/SIGNAL,EFF,214.482758,0,0,25
G4,4,1,WARN/SCAN/SIGNAL,EFF,100.689655,0,0,25
G4,4,1,WARN/SCAN/SIGNAL,EFF,15.172414,0,0,25
G4,4,1,WARN/SCAN/SIGNAL,EFF,2.758621,0,0,25
G4,4,1,WARN/SCAN/SIGNAL,EFF,51.034483,0,0,25
G4,4,1,WARN/SCAN/SIGNAL,EFF,9.655172,0,0,25
G4,4,1,WARN/SCAN/SIGNAL,EFF,126.896551,0,0,25
G4,4,1,WARN/SCAN/SIGNAL,EFF,77.241379,0,0,25
G4,4,1,WARN/SCAN/SIGNAL,EFF,93.793103,0,0,25
G4,4,1,WARN/SCAN/SIGNAL,EFF,0,0,0,25
G4,4,1,WARN/SCAN/SIGNAL,EFF,43.448276,0,0,25
G4,4,1,WARN/SCAN/SIGNAL,EFF,273.793103,0,0,25
G4,4,1,WARN/SCAN/SIGNAL,NO,1886.896553,0,1,25
G4,4,1,WHEELS/TIRES,NO,5053.103448,1,1,26
G4,4,2,ACCESSORIES,EFF,131.034482,0,0,1
G4,4,2,ACCESSORIES,NO,5327.586208,0,1,1
G4,4,2,AFES,EFF,366.896552,1,0,2
G4,4,2,AFES,NO,5091.724138,1,1,2
G4,4,2,ARMOR,NO,5458.62069,0,1,3
G4,4,2,AXLES/GEARED HUBS,EFF,3.448276,0,0,4
G4,4,2,AXLES/GEARED HUBS,EFF,87.586207,0,0,4
G4,4,2,AXLES/GEARED HUBS,NO,5367.586207,0,1,4
G4,4,2,BII,NO,5458.62069,1,1,5
G4,4,2,BODY/CAB/HOOD/HULL,NO,5458.62069,0,1,6
G4,4,2,BRAKES,EFF,12.413793,1,0,7
G4,4,2,BRAKES,EFF,130.344827,1,0,7
G4,4,2,BRAKES,EFF,184.137931,1,0,7
G4,4,2,BRAKES,OMF,11.034483,1,0,7
G4,4,2,BRAKES,OMF,24.827586,1,0,7
G4,4,2,BRAKES,EFF,104.137931,1,0,7
G4,4,2,BRAKES,EFF,87.586207,1,0,7
G4,4,2,BRAKES,OMF,84.827587,1,0,7
G4,4,2,BRAKES,EFF,230.344827,1,0,7
G4,4,2,BRAKES,EFF,11.724138,1,0,7
G4,4,2,BRAKES,EFF,47.586207,1,0,7
G4,4,2,BRAKES,EFF,169.655172,1,0,7
G4,4,2,BRAKES,EFF,195.172414,1,0,7
G4,4,2,BRAKES,NO,4164.827587,1,1,7
G4,4,2,COMPLETE VEHICLE,NO,5458.62069,0,1,8
G4,4,2,CONTROL PANELS,EFF,9.655173,1,0,9
G4,4,2,CONTROL PANELS,EFF,14.482758,1,0,9
G4,4,2,CONTROL PANELS,NO,5434.482759,1,1,9
G4,4,2,CTIS,NO,5458.62069,0,1,10
G4,4,2,ELECTRICAL SYSTEM,OMF,26.896552,0,0,11
G4,4,2,ELECTRICAL SYSTEM,OMF,86.896552,0,0,11
G4,4,2,ELECTRICAL SYSTEM,EFF,5.517241,0,0,11
G4,4,2,ELECTRICAL SYSTEM,EFF,199.310345,0,0,11
G4,4,2,ELECTRICAL SYSTEM,EFF,70.344828,0,0,11
G4,4,2,ELECTRICAL SYSTEM,EFF,484.827586,0,0,11
G4,4,2,ELECTRICAL SYSTEM,EFF,23.448276,0,0,11
G4,4,2,ELECTRICAL SYSTEM,NO,4561.37931,0,1,11
G4,4,2,ENGINE,EFF,108.965517,1,0,12
G4,4,2,ENGINE,EFF,199.310345,1,0,12
G4,4,2,ENGINE,NO,5150.344828,1,1,12
G4,4,2,FRAME/TOWING,EFF,4.827587,0,0,13
G4,4,2,FRAME/TOWING,NO,5453.793103,0,1,13
G4,4,2,FUEL SYSTEM,EFF,26.896552,0,0,14
G4,4,2,FUEL SYSTEM,EFF,6.206897,0,0,14
G4,4,2,FUEL SYSTEM,NO,5425.517241,0,1,14
G4,4,2,GFE,EFF,242.75862,1,0,15
G4,4,2,GFE,NO,5215.86207,1,1,15
G4,4,2,HVAC,NO,5458.62069,1,1,16
G4,4,2,HYDRAULICS,EFF,86.896552,0,0,17
G4,4,2,HYDRAULICS,EFF,31.724138,0,0,17
G4,4,2,HYDRAULICS,EFF,11.724138,0,0,17
G4,4,2,HYDRAULICS,NO,5328.275862,0,1,17
G4,4,2,PNEUMATIC SYSTEM,EFF,11.724138,0,0,18
G4,4,2,PNEUMATIC SYSTEM,NO,5446.896552,0,1,18
G4,4,2,PROPELLER/SHAFTS,EFF,33.103448,0,0,19
G4,4,2,PROPELLER/SHAFTS,EFF,6.206896,0,0,19
G4,4,2,PROPELLER/SHAFTS,EFF,68.965517,0,0,19
G4,4,2,PROPELLER/SHAFTS,EFF,22.068965,0,0,19
G4,4,2,PROPELLER/SHAFTS,NO,5328.275864,0,1,19
G4,4,2,RADIOS,EFF,102.068965,1,0,20
G4,4,2,RADIOS,EFF,49.655173,1,0,20
G4,4,2,RADIOS,EFF,84.137931,1,0,20
G4,4,2,RADIOS,EFF,9.655173,1,0,20
G4,4,2,RADIOS,EFF,36.551724,1,0,20
G4,4,2,RADIOS,EFF,70.344828,1,0,20
G4,4,2,RADIOS,EFF,133.103448,1,0,20
G4,4,2,RADIOS,EFF,62.068966,1,0,20
G4,4,2,RADIOS,NO,4911.034482,1,1,20
G4,4,2,STEERING,EFF,14.482759,1,0,21
G4,4,2,STEERING,OMF,87.586207,1,0,21
G4,4,2,STEERING,EFF,87.586207,1,0,21
G4,4,2,STEERING,EFF,0,1,0,21
G4,4,2,STEERING,EFF,0,1,0,21
G4,4,2,STEERING,NO,5268.965517,1,1,21
G4,4,2,SUSPENSION,EFF,87.586207,1,0,22
G4,4,2,SUSPENSION,EFF,0,1,0,22
G4,4,2,SUSPENSION,EFF,122.068965,1,0,22
G4,4,2,SUSPENSION,OMF,66.206897,1,0,22
G4,4,2,SUSPENSION,EFF,40.689655,1,0,22
G4,4,2,SUSPENSION,EFF,10.344828,1,0,22
G4,4,2,SUSPENSION,EFF,169.655172,1,0,22
G4,4,2,SUSPENSION,EFF,0,1,0,22
G4,4,2,SUSPENSION,EFF,0,1,0,22
G4,4,2,SUSPENSION,EFF,0,1,0,22
G4,4,2,SUSPENSION,EFF,195.172414,1,0,22
G4,4,2,SUSPENSION,EFF,0,1,0,22
G4,4,2,SUSPENSION,EFF,0,1,0,22
G4,4,2,SUSPENSION,EFF,0,1,0,22
G4,4,2,SUSPENSION,EFF,0,1,0,22
G4,4,2,SUSPENSION,EFF,0,1,0,22
G4,4,2,SUSPENSION,NO,4766.896552,1,1,22
G4,4,2,TRANSFER CASE,NO,5458.62069,0,1,23
G4,4,2,TRANSMISSION,NO,5458.62069,1,1,24
G4,4,2,WARN/SCAN/SIGNAL,EFF,26.896552,0,0,25
G4,4,2,WARN/SCAN/SIGNAL,EFF,55.172414,0,0,25
G4,4,2,WARN/SCAN/SIGNAL,EFF,97.241379,0,0,25
G4,4,2,WARN/SCAN/SIGNAL,EFF,76.551724,0,0,25
G4,4,2,WARN/SCAN/SIGNAL,EFF,49.655172,0,0,25
G4,4,2,WARN/SCAN/SIGNAL,EFF,46.206897,0,0,25
G4,4,2,WARN/SCAN/SIGNAL,EFF,230.344827,0,0,25
G4,4,2,WARN/SCAN/SIGNAL,EFF,88.275862,0,0,25
G4,4,2,WARN/SCAN/SIGNAL,EFF,16.551725,0,0,25
G4,4,2,WARN/SCAN/SIGNAL,EFF,22.068965,0,0,25
G4,4,2,WARN/SCAN/SIGNAL,NO,4749.655173,0,1,25
G4,4,2,WHEELS/TIRES,NO,5458.62069,1,1,26
G4,4,3,ACCESSORIES,NO,6475.862069,0,1,1
G4,4,3,AFES,EFF,8.965517,1,0,2
G4,4,3,AFES,NO,6466.896552,1,1,2
G4,4,3,ARMOR,NO,6475.862069,0,1,3
G4,4,3,AXLES/GEARED HUBS,OMF,553.10345,0,0,4
G4,4,3,AXLES/GEARED HUBS,EFF,1100,0,0,4
G4,4,3,AXLES/GEARED HUBS,NO,4822.758619,0,1,4
G4,4,3,BII,NO,6475.862069,1,1,5
G4,4,3,BODY/CAB/HOOD/HULL,NO,6475.862069,0,1,6
G4,4,3,BRAKES,EFF,8.965518,1,0,7
G4,4,3,BRAKES,EFF,105.517241,1,0,7
G4,4,3,BRAKES,EFF,111.72414,1,0,7
G4,4,3,BRAKES,OMF,232.41379,1,0,7
G4,4,3,BRAKES,OMF,13.7931,1,0,7
G4,4,3,BRAKES,NO,6003.44828,1,1,7
G4,4,3,COMPLETE VEHICLE,NO,6475.862069,0,1,8
G4,4,3,CONTROL PANELS,EFF,75.17241,1,0,9
G4,4,3,CONTROL PANELS,NO,6400.689659,1,1,9
G4,4,3,CTIS,NO,6475.862069,0,1,10
G4,4,3,ELECTRICAL SYSTEM,EFF,2.068966,0,0,11
G4,4,3,ELECTRICAL SYSTEM,EFF,13.10344,0,0,11
G4,4,3,ELECTRICAL SYSTEM,NO,6460.689663,0,1,11
G4,4,3,ENGINE,NO,6475.862069,1,1,12
G4,4,3,FRAME/TOWING,NO,6475.862069,0,1,13
G4,4,3,FUEL SYSTEM,NO,6475.862069,0,1,14
G4,4,3,GFE,NO,6475.862069,1,1,15
G4,4,2,HVAC,EFF,0,1,0,16
G4,4,3,HVAC,OMF,427.586202,1,0,16
G4,4,3,HVAC,OMF,10.34483,1,0,16
G4,4,3,HVAC,OMF,375.17241,1,0,16
G4,4,3,HVAC,EFF,149.65517,1,0,16
G4,4,3,HVAC,NO,5513.103457,1,1,16
G4,4,3,HYDRAULICS,NO,6475.862069,0,1,17
G4,4,3,PNEUMATIC SYSTEM,NO,6475.862069,0,1,18
G4,4,3,PROPELLER/SHAFTS,EFF,103.44828,0,0,19
G4,4,3,PROPELLER/SHAFTS,EFF,217.93104,0,0,19
G4,4,3,PROPELLER/SHAFTS,EFF,459.31035,0,0,19
G4,4,3,PROPELLER/SHAFTS,NO,5695.172399,0,1,19
G4,4,3,RADIOS,EFF,251.03448,1,0,20
G4,4,3,RADIOS,NO,6224.827589,1,1,20
G4,4,2,STEERING,EFF,0,1,0,21
G4,4,2,STEERING,EFF,0,1,0,21
G4,4,3,STEERING,EFF,106.89655,1,0,21
G4,4,3,STEERING,EFF,0,1,0,21
G4,4,3,STEERING,EFF,0,1,0,21
G4,4,3,STEERING,EFF,193.10345,1,0,21
G4,4,3,STEERING,NO,6175.862069,1,1,21
G4,4,3,SUSPENSION,EFF,8.965517,1,0,22
G4,4,3,SUSPENSION,EFF,193.10345,1,0,22
G4,4,3,SUSPENSION,NO,6273.793102,1,1,22
G4,4,3,TRANSFER CASE,NO,6475.862069,0,1,23
G4,4,3,TRANSMISSION,NO,6475.862069,1,1,24
G4,4,3,WARN/SCAN/SIGNAL,EFF,132.413793,0,0,25
G4,4,3,WARN/SCAN/SIGNAL,EFF,410.34483,0,0,25
G4,4,3,WARN/SCAN/SIGNAL,EFF,13.7931,0,0,25
G4,4,3,WARN/SCAN/SIGNAL,EFF,13.10344,0,0,25
G4,4,3,WARN/SCAN/SIGNAL,EFF,162.06897,0,0,25
G4,4,3,WARN/SCAN/SIGNAL,NO,5744.137936,0,1,25
G4,4,3,WHEELS/TIRES,EFF,212.4138,1,0,26
G4,4,3,WHEELS/TIRES,NO,6263.448269,1,1,26
G9,4,1,ACCESSORIES,NO,3930.138,0,1,1
G9,4,1,AFES,EFF,69.862069,1,0,2
G9,4,1,AFES,NO,3860.275931,1,1,2
G9,4,1,ARMOR,NO,3930.138,0,1,3
G9,4,1,AXLES/GEARED HUBS,EFF,34,0,0,4
G9,4,1,AXLES/GEARED HUBS,NO,3896.138,0,1,4
G9,4,1,BII,NO,3930.138,1,1,5
G9,4,1,BODY/CAB/HOOD/HULL,EFF,14,0,0,6
G9,4,1,BODY/CAB/HOOD/HULL,EFF,81.586207,0,0,6
G9,4,1,BODY/CAB/HOOD/HULL,EFF,9.24138,0,0,6
G9,4,1,BODY/CAB/HOOD/HULL,EFF,3.862069,0,0,6
G9,4,1,BODY/CAB/HOOD/HULL,EFF,8.068966,0,0,6
G9,4,1,BODY/CAB/HOOD/HULL,EFF,114.206896,0,0,6
G9,4,1,BODY/CAB/HOOD/HULL,NO,3699.172482,0,1,6
G9,4,1,BRAKES,NO,3930.138,1,1,7
G9,4,1,COMPLETE VEHICLE,EFF,34.758621,0,0,8
G9,4,1,COMPLETE VEHICLE,OMF,7.517241,0,0,8
G9,4,1,COMPLETE VEHICLE,NO,3887.862138,0,1,8
G9,4,1,CONTROL PANELS,EFF,161.931035,1,0,9
G9,4,1,CONTROL PANELS,EFF,34.758621,1,0,9
G9,4,1,CONTROL PANELS,EFF,118.689655,1,0,9
G9,4,1,CONTROL PANELS,EFF,124.413793,1,0,9
G9,4,1,CONTROL PANELS,EFF,65.724138,1,0,9
G9,4,1,CONTROL PANELS,EFF,63.103448,1,0,9
G9,4,1,CONTROL PANELS,EFF,5.931035,1,0,9
G9,4,1,CONTROL PANELS,EFF,98.068966,1,0,9
G9,4,1,CONTROL PANELS,EFF,1.034483,1,0,9
G9,4,1,CONTROL PANELS,EFF,93.24138,1,0,9
G9,4,1,CONTROL PANELS,EFF,8.068966,1,0,9
G9,4,1,CONTROL PANELS,NO,3155.17248,1,1,9
G9,4,1,CTIS,NO,3930.138,0,1,10
G9,4,1,ELECTRICAL SYSTEM,EFF,0.965517,0,0,11
G9,4,1,ELECTRICAL SYSTEM,OMF,45.655173,0,0,11
G9,4,1,ELECTRICAL SYSTEM,OMF,2.965517,0,0,11
G9,4,1,ELECTRICAL SYSTEM,EFF,0,0,0,11
G9,4,1,ELECTRICAL SYSTEM,EFF,0.068965,0,0,11
G9,4,1,ELECTRICAL SYSTEM,NO,3880.482828,0,1,11
G9,4,1,ENGINE,EFF,1.655172,1,0,12
G9,4,1,ENGINE,EFF,50.275862,1,0,12
G9,4,1,ENGINE,EFF,18,1,0,12
G9,4,1,ENGINE,NO,3860.206966,1,1,12
G9,4,1,FRAME/TOWING,EFF,10.206896,0,0,13
G9,4,1,FRAME/TOWING,NO,3919.931104,0,1,13
G9,4,1,FUEL SYSTEM,EFF,69.034483,0,0,14
G9,4,1,FUEL SYSTEM,OMF,123.517241,0,0,14
G9,4,1,FUEL SYSTEM,EFF,0,0,0,14
G9,4,1,FUEL SYSTEM,EFF,37.103448,0,0,14
G9,4,1,FUEL SYSTEM,EFF,18,0,0,14
G9,4,1,FUEL SYSTEM,EFF,45.655173,0,0,14
G9,4,1,FUEL SYSTEM,NO,3636.827655,0,1,14
G9,4,1,GFE,EFF,39.034483,1,0,15
G9,4,1,GFE,NO,3891.103517,1,1,15
G9,4,1,HVAC,EFF,33.379311,1,0,16
G9,4,1,HVAC,NO,3896.758689,1,1,16
G9,4,1,HYDRAULICS,EFF,56.275862,0,0,17
G9,4,1,HYDRAULICS,EFF,21.241379,0,0,17
G9,4,1,HYDRAULICS,EFF,65.724138,0,0,17
G9,4,1,HYDRAULICS,EFF,37.862069,0,0,17
G9,4,1,HYDRAULICS,NO,3749.034552,0,1,17
G9,4,1,PNEUMATIC SYSTEM,NO,3930.138,0,1,18
G9,4,1,PROPELLER/SHAFTS,EFF,34,0,0,19
G9,4,1,PROPELLER/SHAFTS,NO,3896.138,0,1,19
G9,4,1,RADIOS,EFF,1055.586207,1,0,20
G9,4,1,RADIOS,EFF,22,1,0,20
G9,4,1,RADIOS,EFF,35.655173,1,0,20
G9,4,1,RADIOS,EFF,24.344827,1,0,20
G9,4,1,RADIOS,EFF,29.172414,1,0,20
G9,4,1,RADIOS,EFF,43.931034,1,0,20
G9,4,1,RADIOS,EFF,98.068966,1,0,20
G9,4,1,RADIOS,EFF,80.068965,1,0,20
G9,4,1,RADIOS,EFF,43.172414,1,0,20
G9,4,1,RADIOS,EFF,41.793103,1,0,20
G9,4,1,RADIOS,EFF,61.37931,1,0,20
G9,4,1,RADIOS,EFF,0,1,0,20
G9,4,1,RADIOS,EFF,40.551724,1,0,20
G9,4,1,RADIOS,EFF,23.172414,1,0,20
G9,4,1,RADIOS,EFF,114.206896,1,0,20
G9,4,1,RADIOS,EFF,63.172414,1,0,20
G9,4,1,RADIOS,EFF,0,1,0,20
G9,4,1,RADIOS,EFF,118.62069,1,0,20
G9,4,1,RADIOS,EFF,1.034482,1,0,20
G9,4,1,RADIOS,EFF,0,1,0,20
G9,4,1,RADIOS,EFF,30.62069,1,0,20
G9,4,1,RADIOS,EFF,0.068965,1,0,20
G9,4,1,RADIOS,NO,2003.517312,1,1,20
G9,4,1,STEERING,OMF,10.206896,1,0,21
G9,4,1,STEERING,OMF,1.655172,1,0,21
G9,4,1,STEERING,NO,3918.275932,1,1,21
G9,4,1,SUSPENSION,EFF,113.931034,1,0,22
G9,4,1,SUSPENSION,EFF,2.551724,1,0,22
G9,4,1,SUSPENSION,NO,3813.655242,1,1,22
G9,4,1,TRANSFER CASE,NO,3930.138,0,1,23
G9,4,1,TRANSMISSION,EFF,4.551724,1,0,24
G9,4,1,TRANSMISSION,NO,3925.586276,1,1,24
G9,4,1,WARN/SCAN/SIGNAL,EFF,0.413793,0,0,25
G9,4,1,WARN/SCAN/SIGNAL,EFF,0.551724,0,0,25
G9,4,1,WARN/SCAN/SIGNAL,EFF,93.862069,0,0,25
G9,4,1,WARN/SCAN/SIGNAL,EFF,0,0,0,25
G9,4,1,WARN/SCAN/SIGNAL,EFF,23.931034,0,0,25
G9,4,1,WARN/SCAN/SIGNAL,EFF,205.586206,0,0,25
G9,4,1,WARN/SCAN/SIGNAL,EFF,0.137931,0,0,25
G9,4,1,WARN/SCAN/SIGNAL,EFF,7.517241,0,0,25
G9,4,1,WARN/SCAN/SIGNAL,EFF,0,0,0,25
G9,4,1,WARN/SCAN/SIGNAL,EFF,8.068966,0,0,25
G9,4,1,WARN/SCAN/SIGNAL,EFF,41.793103,0,0,25
G9,4,1,WARN/SCAN/SIGNAL,EFF,0,0,0,25
G9,4,1,WARN/SCAN/SIGNAL,EFF,24.827586,0,0,25
G9,4,1,WARN/SCAN/SIGNAL,EFF,10.413793,0,0,25
G9,4,1,WARN/SCAN/SIGNAL,EFF,24.068966,0,0,25
G9,4,1,WARN/SCAN/SIGNAL,EFF,2.551724,0,0,25
G9,4,1,WARN/SCAN/SIGNAL,EFF,30.62069,0,0,25
G9,4,1,WARN/SCAN/SIGNAL,EFF,39.310345,0,0,25
G9,4,1,WARN/SCAN/SIGNAL,EFF,6.137932,0,0,25
G9,4,1,WARN/SCAN/SIGNAL,EFF,0.068965,0,0,25
G9,4,1,WARN/SCAN/SIGNAL,NO,3410.275932,0,1,25
G9,4,1,WHEELS/TIRES,OMF,8,1,0,26
G9,4,1,WHEELS/TIRES,OMF,1.103449,1,0,26
G9,4,1,WHEELS/TIRES,NO,3921.034551,1,1,26
G9,4,2,ACCESSORIES,EFF,33.724138,0,0,1
G9,4,2,ACCESSORIES,NO,6687.655172,0,1,1
G9,4,2,AFES,EFF,0.137931,1,0,2
G9,4,2,AFES,NO,6721.241379,1,1,2
G9,4,2,ARMOR,NO,6721.37931,0,1,3
G9,4,2,AXLES/GEARED HUBS,EFF,50.275862,0,0,4
G9,4,2,AXLES/GEARED HUBS,EFF,59.586207,0,0,4
G9,4,2,AXLES/GEARED HUBS,EFF,111.724138,0,0,4
G9,4,2,AXLES/GEARED HUBS,EFF,182.413793,0,0,4
G9,4,2,AXLES/GEARED HUBS,NO,6317.37931,0,1,4
G9,4,2,BII,NO,6721.37931,1,1,5
G9,4,2,BODY/CAB/HOOD/HULL,EFF,70.275862,0,0,6
G9,4,2,BODY/CAB/HOOD/HULL,EFF,59.586207,0,0,6
G9,4,2,BODY/CAB/HOOD/HULL,NO,6591.517241,0,1,6
G9,4,2,BRAKES,EFF,11.24138,1,0,7
G9,4,2,BRAKES,EFF,6.344827,1,0,7
G9,4,2,BRAKES,EFF,120.62069,1,0,7
G9,4,2,BRAKES,EFF,65.724138,1,0,7
G9,4,2,BRAKES,EFF,0.137931,1,0,7
G9,4,2,BRAKES,NO,6517.310344,1,1,7
G9,4,2,COMPLETE VEHICLE,NO,6721.37931,0,1,8
G9,4,2,CONTROL PANELS,EFF,175.034483,1,0,9
G9,4,2,CONTROL PANELS,EFF,0.137931,1,0,9
G9,4,2,CONTROL PANELS,NO,6546.206896,1,1,9
G9,4,2,CTIS,NO,6721.37931,0,1,10
G9,4,2,ELECTRICAL SYSTEM,EFF,2.137931,0,0,11
G9,4,2,ELECTRICAL SYSTEM,EFF,70.275862,0,0,11
G9,4,2,ELECTRICAL SYSTEM,EFF,3.862069,0,0,11
G9,4,2,ELECTRICAL SYSTEM,EFF,29.241379,0,0,11
G9,4,2,ELECTRICAL SYSTEM,NO,6615.862069,0,1,11
G9,4,2,ENGINE,EFF,8.896552,1,0,12
G9,4,2,ENGINE,EFF,74.62069,1,0,12
G9,4,2,ENGINE,EFF,142.551724,1,0,12
G9,4,2,ENGINE,EFF,70.896552,1,0,12
G9,4,2,ENGINE,OMF,27.586207,1,0,12
G9,4,2,ENGINE,EFF,60.275862,1,0,12
G9,4,2,ENGINE,NO,6336.551723,1,1,12
G9,4,2,FRAME/TOWING,EFF,90.827586,0,0,13
G9,4,2,FRAME/TOWING,NO,6630.551724,0,1,13
G9,4,2,FUEL SYSTEM,OMF,0.068965,0,0,14
G9,4,2,FUEL SYSTEM,OMF,3.310345,0,0,14
G9,4,2,FUEL SYSTEM,EFF,155.724138,0,0,14
G9,4,2,FUEL SYSTEM,EFF,70.275862,0,0,14
G9,4,2,FUEL SYSTEM,NO,6492,0,1,14
G9,4,2,GFE,EFF,49.586207,1,0,15
G9,4,2,GFE,NO,6671.793103,1,1,15
G9,4,2,HVAC,EFF,55.931035,1,0,16
G9,4,2,HVAC,EFF,4.551724,1,0,16
G9,4,2,HVAC,EFF,20.137931,1,0,16
G9,4,2,HVAC,EFF,101.310345,1,0,16
G9,4,2,HVAC,NO,6539.448275,1,1,16
G9,4,2,HYDRAULICS,EFF,112.275862,0,0,17
G9,4,2,HYDRAULICS,EFF,0.137931,0,0,17
G9,4,2,HYDRAULICS,NO,6608.965517,0,1,17
G9,4,2,PNEUMATIC SYSTEM,NO,6721.37931,0,1,18
G9,4,2,PROPELLER/SHAFTS,NO,6721.37931,0,1,19
G9,4,2,RADIOS,EFF,18.344827,1,0,20
G9,4,2,RADIOS,EFF,35.24138,1,0,20
G9,4,2,RADIOS,EFF,10.413793,1,0,20
G9,4,2,RADIOS,EFF,203.448276,1,0,20
G9,4,2,RADIOS,EFF,34.482758,1,0,20
G9,4,2,RADIOS,EFF,142.551724,1,0,20
G9,4,2,RADIOS,EFF,4.551724,1,0,20
G9,4,2,RADIOS,EFF,62.827587,1,0,20
G9,4,2,RADIOS,EFF,94.689656,1,0,20
G9,4,2,RADIOS,EFF,87.37931,1,0,20
G9,4,2,RADIOS,EFF,0.068965,1,0,20
G9,4,2,RADIOS,EFF,137.448276,1,0,20
G9,4,2,RADIOS,EFF,52.965517,1,0,20
G9,4,2,RADIOS,EFF,0.137932,1,0,20
G9,4,2,RADIOS,EFF,35.448275,1,0,20
G9,4,2,RADIOS,EFF,225.448276,1,0,20
G9,4,2,RADIOS,EFF,56.206897,1,0,20
G9,4,2,RADIOS,EFF,125.655172,1,0,20
G9,4,2,RADIOS,EFF,43.379311,1,0,20
G9,4,2,RADIOS,EFF,19.172414,1,0,20
G9,4,2,RADIOS,EFF,13.517241,1,0,20
G9,4,2,RADIOS,EFF,516.758621,1,0,20
G9,4,2,RADIOS,EFF,33.724138,1,0,20
G9,4,2,RADIOS,EFF,217.034483,1,0,20
G9,4,2,RADIOS,EFF,5.034482,1,0,20
G9,4,2,RADIOS,EFF,237.37931,1,0,20
G9,4,2,RADIOS,EFF,334.137931,1,0,20
G9,4,2,RADIOS,EFF,87.793104,1,0,20
G9,4,2,RADIOS,EFF,23.310345,1,0,20
G9,4,2,RADIOS,EFF,5.517241,1,0,20
G9,4,2,RADIOS,NO,3857.310344,1,1,20
G9,4,2,STEERING,EFF,11.24138,1,0,21
G9,4,2,STEERING,EFF,34.482758,1,0,21
G9,4,2,STEERING,EFF,45.586207,1,0,21
G9,4,2,STEERING,EFF,0,1,0,21
G9,4,2,STEERING,EFF,19.172414,1,0,21
G9,4,2,STEERING,EFF,120.62069,1,0,21
G9,4,2,STEERING,EFF,0.137931,1,0,21
G9,4,2,STEERING,NO,6490.13793,1,1,21
G9,4,2,SUSPENSION,EFF,0.137931,1,0,22
G9,4,2,SUSPENSION,EFF,0,1,0,22
G9,4,2,SUSPENSION,NO,6721.241379,1,1,22
G9,4,2,TRANSFER CASE,NO,6721.37931,0,1,23
G9,4,2,TRANSMISSION,NO,6721.37931,1,1,24
G9,4,2,WARN/SCAN/SIGNAL,EFF,18.689655,0,0,25
G9,4,2,WARN/SCAN/SIGNAL,EFF,288.827586,0,0,25
G9,4,2,WARN/SCAN/SIGNAL,EFF,29.241379,0,0,25
G9,4,2,WARN/SCAN/SIGNAL,EFF,145.724138,0,0,25
G9,4,2,WARN/SCAN/SIGNAL,EFF,175.37931,0,0,25
G9,4,2,WARN/SCAN/SIGNAL,EFF,217.034483,0,0,25
G9,4,2,WARN/SCAN/SIGNAL,EFF,263.172414,0,0,25
G9,4,2,WARN/SCAN/SIGNAL,NO,5583.310345,0,1,25
G9,4,2,WHEELS/TIRES,EFF,48,1,0,26
G9,4,2,WHEELS/TIRES,EFF,78.75862,1,0,26
G9,4,2,WHEELS/TIRES,EFF,24.896551,1,0,26
G9,4,2,WHEELS/TIRES,NO,6569.724139,1,1,26
G9,4,3,ACCESSORIES,NO,6260,0,1,1
G9,4,3,AFES,NO,6260,1,1,2
G9,4,3,ARMOR,NO,6260,0,1,3
G9,4,3,AXLES/GEARED HUBS,EFF,132.96552,0,0,4
G9,4,3,AXLES/GEARED HUBS,EFF,33.72414,0,0,4
G9,4,3,AXLES/GEARED HUBS,EFF,19.37931,0,0,4
G9,4,3,AXLES/GEARED HUBS,EFF,70.62069,0,0,4
G9,4,3,AXLES/GEARED HUBS,EFF,42.75862,0,0,4
G9,4,3,AXLES/GEARED HUBS,EFF,57.51725,0,0,4
G9,4,3,AXLES/GEARED HUBS,EFF,372.68965,0,0,4
G9,4,3,AXLES/GEARED HUBS,EFF,14.75862,0,0,4
G9,4,3,AXLES/GEARED HUBS,EFF,52.13793,0,0,4
G9,4,3,AXLES/GEARED HUBS,EFF,50.41379,0,0,4
G9,4,3,AXLES/GEARED HUBS,NO,5413.03448,0,1,4
G9,4,3,BII,NO,6260,1,1,5
G9,4,3,BODY/CAB/HOOD/HULL,EFF,110.96552,0,0,6
G9,4,3,BODY/CAB/HOOD/HULL,NO,6149.03448,0,1,6
G9,4,3,BRAKES,EFF,90.13793,1,0,7
G9,4,3,BRAKES,EFF,38.62069,1,0,7
G9,4,3,BRAKES,EFF,158.27586,1,0,7
G9,4,3,BRAKES,NO,5972.96552,1,1,7
G9,4,3,COMPLETE VEHICLE,NO,6260,0,1,8
G9,4,3,CONTROL PANELS,EFF,55.034483,1,0,9
G9,4,3,CONTROL PANELS,EFF,636.34483,1,0,9
G9,4,3,CONTROL PANELS,NO,5568.620687,1,1,9
G9,4,3,CTIS,NO,6260,0,1,10
G9,4,3,ELECTRICAL SYSTEM,OMF,198.75862,0,0,11
G9,4,3,ELECTRICAL SYSTEM,EFF,193.17241,0,0,11
G9,4,3,ELECTRICAL SYSTEM,EFF,77.65517,0,0,11
G9,4,3,ELECTRICAL SYSTEM,NO,5790.4138,0,1,11
G9,4,3,ENGINE,OMF,68.55172,1,0,12
G9,4,3,ENGINE,EFF,193.17241,1,0,12
G9,4,3,ENGINE,EFF,52.62069,1,0,12
G9,4,3,ENGINE,EFF,125.10345,1,0,12
G9,4,3,ENGINE,EFF,95.10345,1,0,12
G9,4,3,ENGINE,EFF,128.89655,1,0,12
G9,4,3,ENGINE,NO,5596.55173,1,1,12
G9,4,3,FRAME/TOWING,EFF,15.58621,0,0,13
G9,4,3,FRAME/TOWING,NO,6244.41379,0,1,13
G9,4,3,FUEL SYSTEM,EFF,8.275862,0,0,14
G9,4,3,FUEL SYSTEM,EFF,141.03448,0,0,14
G9,4,3,FUEL SYSTEM,EFF,166.48276,0,0,14
G9,4,3,FUEL SYSTEM,EFF,0.2069,0,0,14
G9,4,3,FUEL SYSTEM,NO,5943.999998,0,1,14
G9,4,3,GFE,EFF,39.51724,1,0,15
G9,4,3,GFE,NO,6220.48276,1,1,15
G9,4,3,HVAC,OMF,219.17241,1,0,16
G9,4,3,HVAC,EFF,64.89655,1,0,16
G9,4,3,HVAC,EFF,3.51724,1,0,16
G9,4,3,HVAC,NO,5972.4138,1,1,16
G9,4,2,HYDRAULICS,EFF,0,0,0,17
G9,4,3,HYDRAULICS,NO,6260,0,1,17
G9,4,3,PNEUMATIC SYSTEM,NO,6260,0,1,18
G9,4,3,PROPELLER/SHAFTS,NO,6260,0,1,19
G9,4,3,RADIOS,EFF,476.34483,1,0,20
G9,4,3,RADIOS,EFF,238.48276,1,0,20
G9,4,3,RADIOS,EFF,110.96552,1,0,20
G9,4,3,RADIOS,EFF,52.62069,1,0,20
G9,4,3,RADIOS,EFF,38.62069,1,0,20
G9,4,3,RADIOS,EFF,0,1,0,20
G9,4,3,RADIOS,EFF,34.2069,1,0,20
G9,4,3,RADIOS,EFF,166.48276,1,0,20
G9,4,3,RADIOS,EFF,70.27586,1,0,20
G9,4,3,RADIOS,EFF,37.17241,1,0,20
G9,4,3,RADIOS,EFF,110.48276,1,0,20
G9,4,3,RADIOS,EFF,14.82758,1,0,20
G9,4,3,RADIOS,EFF,104.89656,1,0,20
G9,4,3,RADIOS,EFF,636.34483,1,0,20
G9,4,3,RADIOS,NO,4168.27585,1,1,20
G9,4,3,STEERING,EFF,206.206893,1,0,21
G9,4,3,STEERING,EFF,91.58621,1,0,21
G9,4,3,STEERING,NO,5962.206897,1,1,21
G9,4,3,SUSPENSION,EFF,38.62069,1,0,22
G9,4,3,SUSPENSION,EFF,51.86207,1,0,22
G9,4,3,SUSPENSION,EFF,27.03448,1,0,22
G9,4,3,SUSPENSION,NO,6142.48276,1,1,22
G9,4,3,TRANSFER CASE,NO,6260,0,1,23
G9,4,3,TRANSMISSION,NO,6260,1,1,24
G9,4,3,WARN/SCAN/SIGNAL,EFF,148.689655,0,0,25
G9,4,3,WARN/SCAN/SIGNAL,EFF,12.55173,0,0,25
G9,4,3,WARN/SCAN/SIGNAL,EFF,75.51724,0,0,25
G9,4,3,WARN/SCAN/SIGNAL,NO,6023.241375,0,1,25
G9,4,3,WHEELS/TIRES,EFF,141.03448,1,0,26
G9,4,3,WHEELS/TIRES,NO,6118.96552,1,1,26
H4,4,1,ACCESSORIES,NO,4442.137931,0,1,1
H4,4,1,AFES,EFF,128.068965,1,0,2
H4,4,1,AFES,EFF,81.931034,1,0,2
H4,4,1,AFES,EFF,21.448276,1,0,2
H4,4,1,AFES,EFF,188.896552,1,0,2
H4,4,1,AFES,EFF,46,1,0,2
H4,4,1,AFES,NO,3975.793104,1,1,2
H4,4,1,ARMOR,NO,4442.137931,0,1,3
H4,4,1,AXLES/GEARED HUBS,EFF,47.448276,0,0,4
H4,4,1,AXLES/GEARED HUBS,NO,4394.689655,0,1,4
H4,4,1,BII,NO,4442.137931,1,1,5
H4,4,1,BODY/CAB/HOOD/HULL,EFF,119.310345,0,0,6
H4,4,1,BODY/CAB/HOOD/HULL,NO,4322.827586,0,1,6
H4,4,1,BRAKES,EFF,1059.310345,1,0,7
H4,4,1,BRAKES,EFF,130.068966,1,0,7
H4,4,1,BRAKES,EFF,64.689655,1,0,7
H4,4,1,BRAKES,EFF,4.275862,1,0,7
H4,4,1,BRAKES,EFF,0,1,0,7
H4,4,1,BRAKES,NO,3183.793103,1,1,7
H4,4,1,COMPLETE VEHICLE,NO,4442.137931,0,1,8
H4,4,1,CONTROL PANELS,EFF,48.413793,1,0,9
H4,4,1,CONTROL PANELS,EFF,127.724138,1,0,9
H4,4,1,CONTROL PANELS,EFF,129.24138,1,0,9
H4,4,1,CONTROL PANELS,EFF,6.068965,1,0,9
H4,4,1,CONTROL PANELS,EFF,220.482759,1,0,9
H4,4,1,CONTROL PANELS,NO,3910.206896,1,1,9
H4,4,1,CTIS,NO,4442.137931,0,1,10
H4,4,1,ELECTRICAL SYSTEM,EFF,50,0,0,11
H4,4,1,ELECTRICAL SYSTEM,NO,4392.137931,0,1,11
H4,4,1,ENGINE,EFF,138,1,0,12
H4,4,1,ENGINE,EFF,79.586207,1,0,12
H4,4,1,ENGINE,EFF,35.172414,1,0,12
H4,4,1,ENGINE,EFF,19.862069,1,0,12
H4,4,1,ENGINE,EFF,19.862069,1,0,12
H4,4,1,ENGINE,NO,4149.655172,1,1,12
H4,4,1,FRAME/TOWING,NO,4442.137931,0,1,13
H4,4,1,FUEL SYSTEM,OMF,64.689655,0,0,14
H4,4,1,FUEL SYSTEM,EFF,0,0,0,14
H4,4,1,FUEL SYSTEM,EFF,190.896551,0,0,14
H4,4,1,FUEL SYSTEM,NO,4186.551725,0,1,14
H4,4,1,GFE,EFF,276.965517,1,0,15
H4,4,1,GFE,NO,4165.172414,1,1,15
H4,4,1,HVAC,EFF,37.241379,1,0,16
H4,4,1,HVAC,NO,4404.896552,1,1,16
H4,4,1,HYDRAULICS,EFF,257.586207,0,0,17
H4,4,1,HYDRAULICS,EFF,47.448276,0,0,17
H4,4,1,HYDRAULICS,NO,4137.103448,0,1,17
H4,4,1,PNEUMATIC SYSTEM,EFF,47.310345,0,0,18
H4,4,1,PNEUMATIC SYSTEM,NO,4394.827586,0,1,18
H4,4,1,PROPELLER/SHAFTS,NO,4442.137931,0,1,19
H4,4,1,RADIOS,EFF,83.931035,1,0,20
H4,4,1,RADIOS,EFF,28.689655,1,0,20
H4,4,1,RADIOS,EFF,15.034483,1,0,20
H4,4,1,RADIOS,EFF,103.862069,1,0,20
H4,4,1,RADIOS,EFF,135.034483,1,0,20
H4,4,1,RADIOS,EFF,92.689655,1,0,20
H4,4,1,RADIOS,EFF,46,1,0,20
H4,4,1,RADIOS,NO,3936.896551,1,1,20
H4,4,1,STEERING,NO,4442.137931,1,1,21
H4,4,1,SUSPENSION,NO,4442.137931,1,1,22
H4,4,1,TRANSFER CASE,NO,4442.137931,0,1,23
H4,4,1,TRANSMISSION,NO,4442.137931,1,1,24
H4,4,1,WARN/SCAN/SIGNAL,EFF,80.344828,0,0,25
H4,4,1,WARN/SCAN/SIGNAL,EFF,16.689655,0,0,25
H4,4,1,WARN/SCAN/SIGNAL,EFF,0,0,0,25
H4,4,1,WARN/SCAN/SIGNAL,EFF,53.655172,0,0,25
H4,4,1,WARN/SCAN/SIGNAL,EFF,138,0,0,25
H4,4,1,WARN/SCAN/SIGNAL,EFF,100.689655,0,0,25
H4,4,1,WARN/SCAN/SIGNAL,EFF,5.655172,0,0,25
H4,4,1,WARN/SCAN/SIGNAL,EFF,19.862069,0,0,25
H4,4,1,WARN/SCAN/SIGNAL,EFF,47.448276,0,0,25
H4,4,1,WARN/SCAN/SIGNAL,NO,3979.793104,0,1,26
H4,4,1,WHEELS/TIRES,NO,4442.137931,1,1,26
H4,4,2,ACCESSORIES,NO,7540,0,1,1
H4,4,2,AFES,EFF,94.137931,1,0,2
H4,4,2,AFES,OMF,30.82758,1,0,2
H4,4,2,AFES,NO,7415.034489,1,1,2
H4,4,2,ARMOR,NO,7540,0,1,3
H4,4,2,AXLES/GEARED HUBS,EFF,19.724138,0,0,4
H4,4,2,AXLES/GEARED HUBS,EFF,264.965517,0,0,4
H4,4,2,AXLES/GEARED HUBS,EFF,13.793103,0,0,4
H4,4,2,AXLES/GEARED HUBS,EFF,14.06896,0,0,4
H4,4,2,AXLES/GEARED HUBS,NO,7227.448282,0,1,4
H4,4,2,BII,NO,7540,1,1,5
H4,4,2,BODY/CAB/HOOD/HULL,OMF,34.275862,0,0,6
H4,4,2,BODY/CAB/HOOD/HULL,EFF,23.448275,0,0,6
H4,4,2,BODY/CAB/HOOD/HULL,EFF,234.413793,0,0,6
H4,4,2,BODY/CAB/HOOD/HULL,EFF,0,0,0,6
H4,4,2,BODY/CAB/HOOD/HULL,EFF,0,0,0,6
H4,4,2,BODY/CAB/HOOD/HULL,EFF,40.758621,0,0,6
H4,4,2,BODY/CAB/HOOD/HULL,EFF,445.862069,0,0,6
H4,4,2,BODY/CAB/HOOD/HULL,OMF,198.413793,0,0,6
H4,4,2,BODY/CAB/HOOD/HULL,EFF,81.10344,0,0,6
H4,4,2,BODY/CAB/HOOD/HULL,NO,6481.724147,0,1,6
H4,4,2,BRAKES,EFF,8.551724,1,0,7
H4,4,2,BRAKES,NO,7531.448276,1,1,7
H4,4,2,COMPLETE VEHICLE,NO,7540,0,1,8
H4,4,2,CONTROL PANELS,EFF,74.62069,1,0,9
H4,4,2,CONTROL PANELS,EFF,0.758621,1,0,9
H4,4,2,CONTROL PANELS,EFF,6.137931,1,0,9
H4,4,2,CONTROL PANELS,EFF,16.827586,1,0,9
H4,4,2,CONTROL PANELS,NO,7441.655172,1,1,9
H4,4,2,CTIS,NO,7540,0,1,10
H4,4,2,ELECTRICAL SYSTEM,OMF,43.793103,0,0,11
H4,4,2,ELECTRICAL SYSTEM,EFF,5.103449,0,0,11
H4,4,2,ELECTRICAL SYSTEM,EFF,234.413793,0,0,11
H4,4,2,ELECTRICAL SYSTEM,EFF,3.103448,0,0,11
H4,4,2,ELECTRICAL SYSTEM,EFF,0,0,0,11
H4,4,2,ELECTRICAL SYSTEM,EFF,0,0,0,11
H4,4,2,ELECTRICAL SYSTEM,EFF,241.586207,0,0,11
H4,4,2,ELECTRICAL SYSTEM,EFF,174.482759,0,0,11
H4,4,2,ELECTRICAL SYSTEM,EFF,8.551724,0,0,11
H4,4,2,ELECTRICAL SYSTEM,EFF,171.79311,0,0,11
H4,4,2,ELECTRICAL SYSTEM,NO,6657.172407,0,1,11
H4,4,2,ENGINE,EFF,3.103448,1,0,12
H4,4,2,ENGINE,EFF,211.86207,1,0,12
H4,4,2,ENGINE,EFF,171.79311,1,0,12
H4,4,2,ENGINE,NO,7153.241372,1,1,12
H4,4,2,FRAME/TOWING,NO,7540,0,1,13
H4,4,2,FUEL SYSTEM,EFF,133.37931,0,0,14
H4,4,2,FUEL SYSTEM,EFF,233.931034,0,0,14
H4,4,2,FUEL SYSTEM,EFF,198.413793,0,0,14
H4,4,2,FUEL SYSTEM,NO,6974.275863,0,1,14
H4,4,2,GFE,EFF,105.931035,1,0,15
H4,4,2,GFE,EFF,171.448276,1,0,15
H4,4,2,GFE,EFF,74.413796,1,0,15
H4,4,2,GFE,NO,7188.206893,1,1,15
H4,4,2,HVAC,OMF,74.62069,1,0,16
H4,4,2,HVAC,EFF,6,1,0,16
H4,4,2,HVAC,NO,7459.37931,1,1,16
H4,4,2,HYDRAULICS,EFF,27.172414,0,0,17
H4,4,2,HYDRAULICS,NO,7512.827586,0,1,17
H4,4,2,PNEUMATIC SYSTEM,NO,7540,0,1,18
H4,4,2,PROPELLER/SHAFTS,NO,7540,0,1,19
H4,4,2,RADIOS,EFF,19.724138,1,0,20
H4,4,2,RADIOS,EFF,220.551724,1,0,20
H4,4,2,RADIOS,EFF,83.034483,1,0,20
H4,4,2,RADIOS,OMF,83.034483,1,0,20
H4,4,2,RADIOS,EFF,138.758621,1,0,20
H4,4,2,RADIOS,EFF,34.275862,1,0,20
H4,4,2,RADIOS,EFF,165.172413,1,0,20
H4,4,2,RADIOS,EFF,125.310345,1,0,20
H4,4,2,RADIOS,EFF,95.172414,1,0,20
H4,4,2,RADIOS,EFF,62.206897,1,0,20
H4,4,2,RADIOS,EFF,2.344828,1,0,20
H4,4,2,RADIOS,EFF,53.310344,1,0,20
H4,4,2,RADIOS,EFF,105.862069,1,0,20
H4,4,2,RADIOS,EFF,0.068965,1,0,20
H4,4,2,RADIOS,EFF,0,1,0,20
H4,4,2,RADIOS,EFF,71.172414,1,0,20
H4,4,2,RADIOS,OMF,94.137931,1,0,20
H4,4,2,RADIOS,EFF,510.827587,1,0,20
H4,4,2,RADIOS,EFF,445.862069,1,0,20
H4,4,2,RADIOS,EFF,42.896552,1,0,20
H4,4,2,RADIOS,OMF,16.827586,1,0,20
H4,4,2,RADIOS,EFF,5.03449,1,0,20
H4,4,2,RADIOS,EFF,81.10344,1,0,20
H4,4,2,RADIOS,NO,5083.310345,1,1,20
H4,4,2,STEERING,EFF,26.413793,1,0,21
H4,4,2,STEERING,EFF,0,1,0,21
H4,4,2,STEERING,EFF,366.275862,1,0,21
H4,4,2,STEERING,EFF,0,1,0,21
H4,4,2,STEERING,EFF,171.79311,1,0,21
H4,4,2,STEERING,NO,6975.517235,1,1,21
H4,4,2,SUSPENSION,EFF,32.344828,1,0,22
H4,4,2,SUSPENSION,EFF,81.241379,1,0,22
H4,4,2,SUSPENSION,OMF,12.62069,1,0,22
H4,4,2,SUSPENSION,EFF,71.172414,1,0,22
H4,4,2,SUSPENSION,EFF,6.344827,1,0,22
H4,4,2,SUSPENSION,NO,7336.275862,1,1,22
H4,4,2,TRANSMISSION,EFF,37.793104,1,0,24
H4,4,2,TRANSMISSION,NO,7502.206896,1,1,24
H4,4,2,TRANSFER CASE,NO,7540,1,1,23
H4,4,2,WARN/SCAN/SIGNAL,EFF,301.034483,0,0,25
H4,4,2,WARN/SCAN/SIGNAL,EFF,34.275862,0,0,25
H4,4,2,WARN/SCAN/SIGNAL,EFF,63.586206,0,0,25
H4,4,2,WARN/SCAN/SIGNAL,EFF,2.827586,0,0,25
H4,4,2,WARN/SCAN/SIGNAL,EFF,4,0,0,25
H4,4,2,WARN/SCAN/SIGNAL,EFF,193.586207,0,0,25
H4,4,2,WARN/SCAN/SIGNAL,EFF,83.37931,0,0,25
H4,4,2,WARN/SCAN/SIGNAL,EFF,233.931034,0,0,25
H4,4,2,WARN/SCAN/SIGNAL,EFF,8.551725,0,0,25
H4,4,2,WARN/SCAN/SIGNAL,EFF,36.82758,0,0,25
H4,4,2,WARN/SCAN/SIGNAL,EFF,21.03449,0,0,25
H4,4,2,WARN/SCAN/SIGNAL,EFF,97.44828,0,0,25
H4,4,2,WARN/SCAN/SIGNAL,EFF,4.2069,0,0,25
H4,4,2,WARN/SCAN/SIGNAL,EFF,10.20689,0,0,25
H4,4,2,WARN/SCAN/SIGNAL,EFF,43.51724,0,0,25
H4,4,2,WARN/SCAN/SIGNAL,EFF,79.86207,0,0,25
H4,4,2,WARN/SCAN/SIGNAL,EFF,60.06897,0,0,25
H4,4,2,WARN/SCAN/SIGNAL,EFF,14.06896,0,0,25
H4,4,2,WARN/SCAN/SIGNAL,NO,6247.586207,0,1,25
H4,4,2,WHEELS/TIRES,EFF,83.034483,1,0,26
H4,4,2,WHEELS/TIRES,EFF,71.172414,1,0,26
H4,4,2,WHEELS/TIRES,EFF,39.103448,1,0,26
H4,4,2,WHEELS/TIRES,NO,7346.689655,1,1,26
H4,4,3,ACCESSORIES,EFF,81.37931,0,0,1
H4,4,3,ACCESSORIES,EFF,114.13793,0,0,1
H4,4,3,ACCESSORIES,NO,4733.448277,0,1,1
H4,4,3,AFES,OMF,176.06896,1,0,2
H4,4,3,AFES,NO,4752.896557,1,1,2
H4,4,3,ARMOR,NO,4928.965517,0,1,3
H4,4,3,AXLES/GEARED HUBS,EFF,0.13793,0,0,4
H4,4,3,AXLES/GEARED HUBS,EFF,0,0,0,4
H4,4,3,AXLES/GEARED HUBS,EFF,105.93104,0,0,4
H4,4,3,AXLES/GEARED HUBS,EFF,244.48276,0,0,4
H4,4,3,AXLES/GEARED HUBS,EFF,0,0,0,4
H4,4,3,AXLES/GEARED HUBS,NO,4578.413787,0,1,4
H4,4,3,BII,NO,4928.965517,1,1,5
H4,4,3,BODY/CAB/HOOD/HULL,EFF,43.10344,0,0,6
H4,4,3,BODY/CAB/HOOD/HULL,EFF,104.34483,0,0,6
H4,4,3,BODY/CAB/HOOD/HULL,EFF,5.58621,0,0,6
H4,4,3,BODY/CAB/HOOD/HULL,NO,4775.931037,0,1,6
H4,4,3,BRAKES,OMF,107.93104,1,0,7
H4,4,3,BRAKES,EFF,83.65517,1,0,7
H4,4,3,BRAKES,NO,4737.379307,1,1,7
H4,4,3,COMPLETE VEHICLE,NO,4928.965517,0,1,8
H4,4,3,CONTROL PANELS,EFF,11.93103,1,0,9
H4,4,3,CONTROL PANELS,EFF,22.75862,1,0,9
H4,4,3,CONTROL PANELS,NO,4894.275867,1,1,9
H4,4,3,CTIS,NO,4928.965517,0,1,10
H4,4,3,ELECTRICAL SYSTEM,NO,4928.965517,0,1,11
H4,4,3,ENGINE,EFF,67.79311,1,0,12
H4,4,3,ENGINE,NO,4861.172407,1,1,12
H4,4,3,FRAME/TOWING,EFF,450.68966,0,0,13
H4,4,3,FRAME/TOWING,NO,4478.275857,0,1,13
H4,4,3,FUEL SYSTEM,EFF,38.48276,0,0,14
H4,4,3,FUEL SYSTEM,EFF,236.82758,0,0,14
H4,4,3,FUEL SYSTEM,NO,4653.655177,0,1,14
H4,4,3,GFE,EFF,310.82759,1,0,15
H4,4,3,GFE,NO,4618.137927,1,1,15
H4,4,3,HVAC,EFF,107.93104,1,0,16
H4,4,3,HVAC,EFF,348.68965,1,0,16
H4,4,3,HVAC,NO,4472.344827,1,1,16
H4,4,3,HYDRAULICS,NO,4928.965517,0,1,17
H4,4,3,PNEUMATIC SYSTEM,NO,4928.965517,0,1,18
H4,4,3,PROPELLER/SHAFTS,NO,4928.965517,0,1,19
H4,4,3,RADIOS,EFF,11.93103,1,0,20
H4,4,3,RADIOS,EFF,62.20689,1,0,20
H4,4,3,RADIOS,EFF,0,1,0,20
H4,4,3,RADIOS,EFF,28.89655,1,0,20
H4,4,3,RADIOS,EFF,64.62069,1,0,20
H4,4,3,RADIOS,EFF,104.34483,1,0,20
H4,4,3,RADIOS,EFF,49.44827,1,0,20
H4,4,3,RADIOS,EFF,0,1,0,20
H4,4,3,RADIOS,EFF,107.17242,1,0,20
H4,4,3,RADIOS,EFF,197.03449,1,0,20
H4,4,3,RADIOS,EFF,273.7931,1,0,20
H4,4,3,RADIOS,EFF,0,1,0,20
H4,4,3,RADIOS,NO,4029.517247,1,1,20
H4,4,3,STEERING,EFF,123.10345,1,0,21
H4,4,3,STEERING,EFF,39.10345,1,0,21
H4,4,3,STEERING,NO,4766.758617,1,1,21
H4,4,3,SUSPENSION,EFF,450.68966,1,0,22
H4,4,3,SUSPENSION,EFF,0,1,0,22
H4,4,3,SUSPENSION,EFF,0,1,0,22
H4,4,3,SUSPENSION,EFF,5.58621,1,0,22
H4,4,3,SUSPENSION,NO,4472.689647,1,1,22
H4,4,3,TRANSMISSION,NO,4928.965517,1,1,24
H4,4,3,TRANSFER CASE,EFF,76.34483,0,0,23
H4,4,3,TRANSFER CASE,NO,4852.620687,0,1,23
H4,4,3,WARN/SCAN/SIGNAL,EFF,41.5862,0,0,25
H4,4,3,WARN/SCAN/SIGNAL,EFF,141.86207,0,0,25
H4,4,3,WARN/SCAN/SIGNAL,EFF,124.96552,0,0,25
H4,4,3,WARN/SCAN/SIGNAL,NO,4620.551727,0,1,25
H4,4,3,WHEELS/TIRES,EFF,33.72414,1,0,26
H4,4,3,WHEELS/TIRES,EFF,49.44827,1,0,26
H4,4,3,WHEELS/TIRES,NO,4845.793107,1,1,26
U2,2,1,ACCESSORIES,NO,3262.551724,0,1,1
U2,2,1,AFES,EFF,55.517241,1,0,2
U2,2,1,AFES,EFF,0,1,0,2
U2,2,1,AFES,EFF,4.068966,1,0,2
U2,2,1,AFES,EFF,23.862069,1,0,2
U2,2,1,AFES,EFF,0,1,0,2
U2,2,1,AFES,EFF,73.241379,1,0,2
U2,2,1,AFES,NO,3105.862069,1,1,2
U2,2,1,ARMOR,NO,3262.551724,0,1,3
U2,2,1,AXLES/GEARED HUBS,EFF,4.896552,0,0,4
U2,2,1,AXLES/GEARED HUBS,EFF,142.344828,0,0,4
U2,2,1,AXLES/GEARED HUBS,EFF,0.137931,0,0,4
U2,2,1,AXLES/GEARED HUBS,EFF,0.206897,0,0,4
U2,2,1,AXLES/GEARED HUBS,EFF,9.034483,0,0,4
U2,2,1,AXLES/GEARED HUBS,EFF,30.137931,0,0,4
U2,2,1,AXLES/GEARED HUBS,NO,3075.793102,0,1,4
U2,2,1,BII,NO,3262.551724,1,1,5
U2,2,1,BODY/CAB/HOOD/HULL,EFF,4.896552,0,0,6
U2,2,1,BODY/CAB/HOOD/HULL,EFF,23.517242,0,0,6
U2,2,1,BODY/CAB/HOOD/HULL,EFF,4.965517,0,0,6
U2,2,1,BODY/CAB/HOOD/HULL,NO,3229.172413,0,1,6
U2,2,1,BRAKES,EFF,541.172414,1,0,7
U2,2,1,BRAKES,EFF,152.896552,1,0,7
U2,2,1,BRAKES,EFF,18.75862,1,0,7
U2,2,1,BRAKES,EFF,141.37931,1,0,7
U2,2,1,BRAKES,EFF,67.724138,1,0,7
U2,2,1,BRAKES,NO,2340.62069,1,1,7
U2,2,1,COMPLETE VEHICLE,NO,3262.551724,0,1,8
U2,2,1,CONTROL PANELS,EFF,541.172414,1,0,9
U2,2,1,CONTROL PANELS,EFF,105.103448,1,0,9
U2,2,1,CONTROL PANELS,EFF,4.068966,1,0,9
U2,2,1,CONTROL PANELS,EFF,19.862069,1,0,9
U2,2,1,CONTROL PANELS,NO,2592.344827,1,1,9
U2,2,1,CTIS,NO,3262.551724,0,1,10
U2,2,1,ELECTRICAL SYSTEM,EFF,106.206897,0,0,11
U2,2,1,ELECTRICAL SYSTEM,EFF,17.172414,0,0,11
U2,2,1,ELECTRICAL SYSTEM,NO,3139.172413,0,1,11
U2,2,1,ENGINE,EFF,0.206897,1,0,12
U2,2,1,ENGINE,NO,3262.344827,1,1,12
U2,2,1,FRAME/TOWING,EFF,160.689655,0,0,13
U2,2,1,FRAME/TOWING,NO,3101.862069,0,1,13
U2,2,1,FUEL SYSTEM,EFF,0.137931,0,0,14
U2,2,1,FUEL SYSTEM,NO,3262.413793,0,1,14
U2,2,1,GFE,EFF,541.172414,1,0,15
U2,2,1,GFE,NO,2721.37931,1,1,15
U2,2,1,HVAC,EFF,140.482758,1,0,16
U2,2,1,HVAC,EFF,46.551724,1,0,16
U2,2,1,HVAC,EFF,14.62069,1,0,16
U2,2,1,HVAC,NO,3060.896552,1,1,16
U2,2,1,HYDRAULICS,NO,3262.551724,0,1,17
U2,2,1,PNEUMATIC SYSTEM,NO,3262.551724,0,1,18
U2,2,1,PROPELLER/SHAFTS,EFF,55.103448,0,0,19
U2,2,1,PROPELLER/SHAFTS,NO,3207.448276,0,1,19
U2,2,1,RADIOS,EFF,1093.793103,1,0,20
U2,2,1,RADIOS,NO,2168.758621,1,1,20
U2,2,1,STEERING,EFF,152.896552,1,0,21
U2,2,1,STEERING,NO,3109.655172,1,1,21
U2,2,1,SUSPENSION,EFF,0.137931,1,0,22
U2,2,1,SUSPENSION,NO,3262.413793,1,1,22
U2,2,1,TRANSFER CASE,NO,3262.551724,0,1,23
U2,2,1,TRANSMISSION,NO,3262.551724,1,1,24
U2,2,1,WARN/SCAN/SIGNAL,EFF,259.724138,0,0,25
U2,2,1,WARN/SCAN/SIGNAL,EFF,270.965517,0,0,25
U2,2,1,WARN/SCAN/SIGNAL,EFF,96.068966,0,0,25
U2,2,1,WARN/SCAN/SIGNAL,NO,2635.793103,0,1,25
U2,2,1,WHEELS/TIRES,NO,3262.551724,1,1,26
U2,2,2,ACCESSORIES,NO,4588.965517,0,1,1
U2,2,2,AFES,NO,4588.965517,1,1,2
U2,2,2,ARMOR,EFF,237.448276,0,0,3
U2,2,2,ARMOR,NO,4351.517241,0,1,3
U2,2,2,AXLES/GEARED HUBS,EFF,5.172414,0,0,4
U2,2,2,AXLES/GEARED HUBS,EFF,489.931035,0,0,4
U2,2,2,AXLES/GEARED HUBS,NO,4093.862068,0,1,4
U2,2,2,BII,NO,4588.965517,1,1,5
U2,2,2,BODY/CAB/HOOD/HULL,EFF,88.482759,0,0,6
U2,2,2,BODY/CAB/HOOD/HULL,EFF,0.068965,0,0,6
U2,2,2,BODY/CAB/HOOD/HULL,NO,4500.413793,0,1,6
U2,2,2,BRAKES,EFF,40.275862,1,0,7
U2,2,2,BRAKES,EFF,0,1,0,7
U2,2,2,BRAKES,EFF,0,1,0,7
U2,2,2,BRAKES,EFF,40.62069,1,0,7
U2,2,2,BRAKES,EFF,48.275862,1,0,7
U2,2,2,BRAKES,EFF,256.965517,1,0,7
U2,2,2,BRAKES,NO,4202.827586,1,1,7
U2,2,2,COMPLETE VEHICLE,OMF,256.965517,0,0,8
U2,2,2,COMPLETE VEHICLE,NO,4332,0,1,8
U2,2,2,CONTROL PANELS,NO,4588.965517,1,1,9
U2,2,2,CTIS,NO,4588.965517,0,1,10
U2,2,2,ELECTRICAL SYSTEM,EFF,256.965517,0,0,11
U2,2,2,ELECTRICAL SYSTEM,NO,4332,0,1,11
U2,2,2,ENGINE,EFF,297.724138,1,0,12
U2,2,2,ENGINE,NO,4291.241379,1,1,12
U2,2,2,FRAME/TOWING,NO,4588.965517,0,1,13
U2,2,2,FUEL SYSTEM,NO,4588.965517,0,1,14
U2,2,2,GFE,NO,4588.965517,1,1,15
U2,2,2,HVAC,EFF,106.75862,1,0,16
U2,2,2,HVAC,NO,4482.206897,1,1,16
U2,2,2,HYDRAULICS,EFF,256.965517,0,0,17
U2,2,2,HYDRAULICS,NO,4332,0,1,17
U2,2,2,PNEUMATIC SYSTEM,NO,4588.965517,0,1,18
U2,2,2,PROPELLER/SHAFTS,NO,4588.965517,0,1,19
U2,2,2,RADIOS,EFF,195.724138,1,0,20
U2,2,2,RADIOS,EFF,166.482759,1,0,20
U2,2,2,RADIOS,EFF,117.517242,1,0,20
U2,2,2,RADIOS,NO,4109.241378,1,1,20
U2,2,2,STEERING,EFF,31.931034,1,0,21
U2,2,2,STEERING,EFF,256.965517,1,0,21
U2,2,2,STEERING,NO,4300.068966,1,1,21
U2,2,2,SUSPENSION,EFF,251.241379,1,0,22
U2,2,2,SUSPENSION,EFF,395.793103,1,0,22
U2,2,2,SUSPENSION,NO,3941.931035,1,1,22
U2,2,2,TRANSFER CASE,NO,4588.965517,0,1,23
U2,2,2,TRANSMISSION,NO,4588.965517,1,1,24
U2,2,2,WARN/SCAN/SIGNAL,EFF,19.172413,0,0,25
U2,2,2,WARN/SCAN/SIGNAL,EFF,0,0,0,25
U2,2,2,WARN/SCAN/SIGNAL,EFF,0,0,0,25
U2,2,2,WARN/SCAN/SIGNAL,EFF,328.62069,0,0,25
U2,2,2,WARN/SCAN/SIGNAL,EFF,0,0,0,25
U2,2,2,WARN/SCAN/SIGNAL,EFF,6.896552,0,0,25
U2,2,2,WARN/SCAN/SIGNAL,NO,4234.275862,0,1,25
U2,2,2,WHEELS/TIRES,NO,4588.965517,1,1,26
U2,2,3,ACCESSORIES,NO,5880.689655,0,1,1
U2,2,3,AFES,NO,5880.689655,1,1,2
U2,2,3,ARMOR,NO,5880.689655,0,1,3
U2,2,3,AXLES/GEARED HUBS,EFF,186.827586,0,0,4
U2,2,3,AXLES/GEARED HUBS,EFF,85.655172,0,0,4
U2,2,3,AXLES/GEARED HUBS,EFF,499.86207,0,0,4
U2,2,3,AXLES/GEARED HUBS,NO,5108.344827,0,1,4
U2,2,3,BII,NO,5880.689655,1,1,5
U2,2,3,BODY/CAB/HOOD/HULL,NO,5880.689655,0,1,6
U2,2,3,BRAKES,NO,5880.689655,1,1,7
U2,2,3,COMPLETE VEHICLE,NO,5880.689655,0,1,8
U2,2,3,CONTROL PANELS,EFF,45.034482,1,0,9
U2,2,3,CONTROL PANELS,EFF,84.620689,1,0,9
U2,2,3,CONTROL PANELS,NO,5751.034484,1,1,9
U2,2,3,CTIS,EFF,132.06896,0,0,10
U2,2,3,CTIS,NO,5748.620695,0,1,10
U2,2,2,ELECTRICAL SYSTEM,EFF,0,0,0,11
U2,2,3,ELECTRICAL SYSTEM,EFF,85.172414,0,0,11
U2,2,3,ELECTRICAL SYSTEM,EFF,601.37931,0,0,11
U2,2,3,ELECTRICAL SYSTEM,EFF,444.06897,0,0,11
U2,2,3,ELECTRICAL SYSTEM,NO,4750.068961,0,1,11
U2,2,3,ENGINE,EFF,104.896552,1,0,12
U2,2,3,ENGINE,OMF,173.448276,1,0,12
U2,2,3,ENGINE,NO,5602.344827,1,1,12
U2,2,3,FRAME/TOWING,NO,5880.689655,0,1,13
U2,2,3,FUEL SYSTEM,EFF,459.862068,0,0,14
U2,2,3,FUEL SYSTEM,NO,5420.827587,0,1,14
U2,2,3,GFE,NO,5880.689655,1,1,15
U2,2,3,HVAC,NO,5880.689655,1,1,16
U2,2,3,HYDRAULICS,NO,5880.689655,0,1,17
U2,2,3,PNEUMATIC SYSTEM,NO,5880.689655,0,1,18
U2,2,3,PROPELLER/SHAFTS,NO,5880.689655,0,1,19
U2,2,3,RADIOS,EFF,185.862069,1,0,20
U2,2,3,RADIOS,NO,5694.827586,1,1,20
U2,2,2,STEERING,EFF,0,1,0,21
U2,2,3,STEERING,EFF,15.862069,1,0,21
U2,2,3,STEERING,EFF,0,1,0,21
U2,2,3,STEERING,OMF,186.827586,1,0,21
U2,2,3,STEERING,EFF,186.206896,1,0,21
U2,2,3,STEERING,EFF,0,1,0,21
U2,2,3,STEERING,EFF,153.793104,1,0,21
U2,2,3,STEERING,EFF,197.103449,1,0,21
U2,2,3,STEERING,NO,5140.896551,1,1,21
U2,2,3,SUSPENSION,EFF,459.862068,1,0,22
U2,2,3,SUSPENSION,EFF,0,1,0,22
U2,2,3,SUSPENSION,EFF,444.06897,1,0,22
U2,2,3,SUSPENSION,EFF,0,1,0,22
U2,2,3,SUSPENSION,EFF,0,1,0,22
U2,2,3,SUSPENSION,EFF,0,1,0,22
U2,2,3,SUSPENSION,NO,4976.758617,1,1,22
U2,2,3,TRANSFER CASE,NO,5880.689655,0,1,23
U2,2,3,TRANSMISSION,EFF,45.034482,1,0,24
U2,2,3,TRANSMISSION,NO,5835.655173,1,1,24
U2,2,3,WARN/SCAN/SIGNAL,EFF,7.034483,0,0,25
U2,2,3,WARN/SCAN/SIGNAL,EFF,11.103449,0,0,25
U2,2,3,WARN/SCAN/SIGNAL,EFF,186.206896,0,0,25
U2,2,3,WARN/SCAN/SIGNAL,EFF,5.724138,0,0,25
U2,2,3,WARN/SCAN/SIGNAL,EFF,5.034483,0,0,25
U2,2,3,WARN/SCAN/SIGNAL,EFF,2.275863,0,0,25
U2,2,3,WARN/SCAN/SIGNAL,EFF,254.896551,0,0,25
U2,2,3,WARN/SCAN/SIGNAL,EFF,192.689655,0,0,25
U2,2,3,WARN/SCAN/SIGNAL,EFF,727.793107,0,0,25
U2,2,3,WARN/SCAN/SIGNAL,EFF,0.13793,0,0,25
U2,2,3,WARN/SCAN/SIGNAL,NO,4487.7931,0,1,25
U2,2,3,WHEELS/TIRES,NO,5880.689655,1,1,26
U3,2,1,ACCESSORIES,NO,4337.241379,0,1,1
U3,2,1,AFES,EFF,26.896552,1,0,2
U3,2,1,AFES,EFF,84.827586,1,0,2
U3,2,1,AFES,NO,4225.517241,1,1,2
U3,2,1,ARMOR,NO,4337.241379,0,1,3
U3,2,1,AXLES/GEARED HUBS,OMF,20.689655,0,0,4
U3,2,1,AXLES/GEARED HUBS,NO,4316.551724,0,1,4
U3,2,1,BII,NO,4337.241379,1,1,5
U3,2,1,BODY/CAB/HOOD/HULL,EFF,31.034482,0,0,6
U3,2,1,BODY/CAB/HOOD/HULL,NO,4306.206897,0,1,6
U3,2,1,BRAKES,OMF,1103.448276,1,0,7
U3,2,1,BRAKES,EFF,69.655173,1,0,7
U3,2,1,BRAKES,EFF,66.896552,1,0,7
U3,2,1,BRAKES,EFF,3.448276,1,0,7
U3,2,1,BRAKES,OMF,84.827586,1,0,7
U3,2,1,BRAKES,EFF,84.827586,1,0,7
U3,2,1,BRAKES,EFF,101.379311,1,0,7
U3,2,1,BRAKES,EFF,4.827586,1,0,7
U3,2,1,BRAKES,EFF,0,1,0,7
U3,2,1,BRAKES,EFF,0,1,0,7
U3,2,1,BRAKES,EFF,2.75862,1,0,7
U3,2,1,BRAKES,EFF,0,1,0,7
U3,2,1,BRAKES,NO,2815.172413,1,1,7
U3,2,1,COMPLETE VEHICLE,NO,4337.241379,0,1,8
U3,2,1,CONTROL PANELS,EFF,68.965517,1,0,9
U3,2,1,CONTROL PANELS,EFF,133.103449,1,0,9
U3,2,1,CONTROL PANELS,NO,4135.172413,1,1,9
U3,2,1,CTIS,NO,4337.241379,0,1,10
U3,2,1,ELECTRICAL SYSTEM,EFF,53.793103,0,0,11
U3,2,1,ELECTRICAL SYSTEM,EFF,62.068965,0,0,11
U3,2,1,ELECTRICAL SYSTEM,EFF,51.724138,0,0,11
U3,2,1,ELECTRICAL SYSTEM,EFF,402.068966,0,0,11
U3,2,1,ELECTRICAL SYSTEM,EFF,402.068966,0,0,11
U3,2,1,ELECTRICAL SYSTEM,NO,3365.517241,0,1,11
U3,2,1,ENGINE,NO,4337.241379,1,1,12
U3,2,1,FRAME/TOWING,NO,4337.241379,0,1,13
U3,2,1,FUEL SYSTEM,NO,4337.241379,0,1,14
U3,2,1,GFE,EFF,169.655172,1,0,15
U3,2,1,GFE,NO,4167.586207,1,1,15
U3,2,1,HVAC,EFF,28.965517,1,0,16
U3,2,1,HVAC,NO,4308.275862,1,1,16
U3,2,1,HYDRAULICS,NO,4337.241379,0,1,17
U3,2,1,PNEUMATIC SYSTEM,NO,4337.241379,0,1,18
U3,2,1,PROPELLER/SHAFTS,EFF,53.103448,0,0,19
U3,2,1,PROPELLER/SHAFTS,NO,4284.137931,0,1,19
U3,2,1,RADIOS,EFF,1.37931,1,0,20
U3,2,1,RADIOS,EFF,28.965517,1,0,20
U3,2,1,RADIOS,EFF,68.965517,1,0,20
U3,2,1,RADIOS,EFF,960,1,0,20
U3,2,1,RADIOS,EFF,59.310345,1,0,20
U3,2,1,RADIOS,EFF,43.448276,1,0,20
U3,2,1,RADIOS,EFF,2.758621,1,0,20
U3,2,1,RADIOS,NO,3172.413793,1,1,20
U3,2,1,STEERING,NO,4337.241379,1,1,21
U3,2,1,SUSPENSION,EFF,402.068966,1,0,22
U3,2,1,SUSPENSION,NO,3935.172413,1,1,22
U3,2,1,TRANSFER CASE,NO,4337.241379,0,1,23
U3,2,1,TRANSMISSION,NO,4337.241379,1,1,24
U3,2,1,WARN/SCAN/SIGNAL,EFF,182.068965,0,0,25
U3,2,1,WARN/SCAN/SIGNAL,EFF,60.689656,0,0,25
U3,2,1,WARN/SCAN/SIGNAL,EFF,0,0,0,25
U3,2,1,WARN/SCAN/SIGNAL,EFF,11.034482,0,0,25
U3,2,1,WARN/SCAN/SIGNAL,EFF,31.034483,0,0,25
U3,2,1,WARN/SCAN/SIGNAL,EFF,151.034483,0,0,25
U3,2,1,WARN/SCAN/SIGNAL,EFF,0,0,0,25
U3,2,1,WARN/SCAN/SIGNAL,EFF,0,0,0,25
U3,2,1,WARN/SCAN/SIGNAL,EFF,0,0,0,25
U3,2,1,WARN/SCAN/SIGNAL,EFF,118.62069,0,0,25
U3,2,1,WARN/SCAN/SIGNAL,EFF,31.034482,0,0,25
U3,2,1,WARN/SCAN/SIGNAL,EFF,0.689655,0,0,25
U3,2,1,WARN/SCAN/SIGNAL,EFF,2.758621,0,0,25
U3,2,1,WARN/SCAN/SIGNAL,EFF,6.206897,0,0,25
U3,2,1,WARN/SCAN/SIGNAL,EFF,45.517241,0,0,25
U3,2,1,WARN/SCAN/SIGNAL,EFF,4.827586,0,0,25
U3,2,1,WARN/SCAN/SIGNAL,EFF,169.655172,0,0,25
U3,2,1,WARN/SCAN/SIGNAL,EFF,50.344828,0,0,25
U3,2,1,WARN/SCAN/SIGNAL,NO,3471.724138,0,1,25
U3,2,1,WHEELS/TIRES,EFF,3.448276,1,0,26
U3,2,1,WHEELS/TIRES,EFF,0,1,0,26
U3,2,1,WHEELS/TIRES,NO,4333.793103,1,1,26
U3,2,2,ACCESSORIES,NO,5969.655172,0,1,1
U3,2,2,AFES,EFF,93.793104,1,0,2
U3,2,2,AFES,EFF,180.689655,1,0,2
U3,2,2,AFES,NO,5695.172413,1,1,2
U3,2,2,ARMOR,NO,5969.655172,0,1,3
U3,2,2,AXLES/GEARED HUBS,EFF,123.448276,0,0,4
U3,2,2,AXLES/GEARED HUBS,EFF,0,0,0,4
U3,2,2,AXLES/GEARED HUBS,EFF,243.448276,0,0,4
U3,2,2,AXLES/GEARED HUBS,EFF,0,0,0,4
U3,2,2,AXLES/GEARED HUBS,NO,5602.75862,0,1,4
U3,2,2,BII,NO,5969.655172,1,1,5
U3,2,2,BODY/CAB/HOOD/HULL,EFF,140.689655,0,0,6
U3,2,2,BODY/CAB/HOOD/HULL,EFF,191.724138,0,0,6
U3,2,2,BODY/CAB/HOOD/HULL,NO,5637.241379,0,1,6
U3,2,2,BRAKES,EFF,286.896552,1,0,7
U3,2,2,BRAKES,EFF,140.689655,1,0,7
U3,2,2,BRAKES,EFF,244.137931,1,0,7
U3,2,2,BRAKES,EFF,93.793104,1,0,7
U3,2,2,BRAKES,EFF,49.655173,1,0,7
U3,2,2,BRAKES,EFF,171.034482,1,0,7
U3,2,2,BRAKES,EFF,26.896552,1,0,7
U3,2,2,BRAKES,EFF,143.448276,1,0,7
U3,2,2,BRAKES,EFF,33.793104,1,0,7
U3,2,2,BRAKES,EFF,163.448276,1,0,7
U3,2,2,BRAKES,EFF,6.896552,1,0,7
U3,2,2,BRAKES,EFF,243.448276,1,0,7
U3,2,2,BRAKES,EFF,0,1,0,7
U3,2,2,BRAKES,EFF,0,1,0,7
U3,2,2,BRAKES,NO,4365.517239,1,1,7
U3,2,2,COMPLETE VEHICLE,NO,5969.655172,0,1,8
U3,2,2,CONTROL PANELS,EFF,243.448276,1,0,9
U3,2,2,CONTROL PANELS,NO,5726.206896,1,1,9
U3,2,2,CTIS,NO,5969.655172,0,1,10
U3,2,2,ELECTRICAL SYSTEM,EFF,277.241379,0,0,11
U3,2,2,ELECTRICAL SYSTEM,EFF,18.620689,0,0,11
U3,2,2,ELECTRICAL SYSTEM,EFF,1.37931,0,0,11
U3,2,2,ELECTRICAL SYSTEM,EFF,35.172413,0,0,11
U3,2,2,ELECTRICAL SYSTEM,NO,5637.241381,0,1,11
U3,2,2,ENGINE,NO,5969.655172,1,1,12
U3,2,2,FRAME/TOWING,NO,5969.655172,0,1,13
U3,2,2,FUEL SYSTEM,NO,5969.655172,0,1,14
U3,2,2,GFE,EFF,180.689655,1,0,15
U3,2,2,GFE,NO,5788.965517,1,1,15
U3,2,2,HVAC,OMF,118.62069,1,0,16
U3,2,2,HVAC,EFF,17.931034,1,0,16
U3,2,2,HVAC,NO,5833.103448,1,1,16
U3,2,2,HYDRAULICS,EFF,22.758621,0,0,17
U3,2,2,HYDRAULICS,NO,5946.896551,0,1,17
U3,2,2,PNEUMATIC SYSTEM,EFF,26.206897,0,0,18
U3,2,2,PNEUMATIC SYSTEM,NO,5943.448275,0,1,18
U3,2,2,PROPELLER/SHAFTS,EFF,55.172414,0,0,19
U3,2,2,PROPELLER/SHAFTS,EFF,98.620689,0,0,19
U3,2,2,PROPELLER/SHAFTS,EFF,33.793104,0,0,19
U3,2,2,PROPELLER/SHAFTS,EFF,20,0,0,19
U3,2,2,PROPELLER/SHAFTS,NO,5762.068965,0,1,19
U3,2,2,RADIOS,EFF,25.517241,1,0,20
U3,2,2,RADIOS,EFF,4.137931,1,0,20
U3,2,2,RADIOS,EFF,49.655173,1,0,20
U3,2,2,RADIOS,EFF,33.103448,1,0,20
U3,2,2,RADIOS,NO,5857.241379,1,1,20
U3,2,2,STEERING,EFF,171.034482,1,0,21
U3,2,2,STEERING,EFF,0,1,0,21
U3,2,2,STEERING,EFF,33.793104,1,0,21
U3,2,2,STEERING,EFF,0,1,0,21
U3,2,2,STEERING,NO,5764.827586,1,1,21
U3,2,2,SUSPENSION,EFF,171.034482,1,0,22
U3,2,2,SUSPENSION,OMF,211.034483,1,0,22
U3,2,2,SUSPENSION,EFF,91.724138,1,0,22
U3,2,2,SUSPENSION,EFF,0,1,0,22
U3,2,2,SUSPENSION,EFF,0,1,0,22
U3,2,2,SUSPENSION,EFF,0,1,0,22
U3,2,2,SUSPENSION,EFF,243.448276,1,0,22
U3,2,2,SUSPENSION,EFF,0,1,0,22
U3,2,2,SUSPENSION,EFF,0,1,0,22
U3,2,2,SUSPENSION,NO,5252.413793,1,1,22
U3,2,2,TRANSFER CASE,NO,5969.655172,0,1,23
U3,2,2,TRANSMISSION,NO,5969.655172,1,1,24
U3,2,2,WARN/SCAN/SIGNAL,EFF,244.137931,0,0,25
U3,2,2,WARN/SCAN/SIGNAL,EFF,281.37931,0,0,25
U3,2,2,WARN/SCAN/SIGNAL,EFF,45.517242,0,0,25
U3,2,2,WARN/SCAN/SIGNAL,EFF,151.724138,0,0,25
U3,2,2,WARN/SCAN/SIGNAL,EFF,137.241379,0,0,25
U3,2,2,WARN/SCAN/SIGNAL,EFF,607.586207,0,0,25
U3,2,2,WARN/SCAN/SIGNAL,EFF,107.586207,0,0,25
U3,2,2,WARN/SCAN/SIGNAL,EFF,63.448276,0,0,25
U3,2,2,WARN/SCAN/SIGNAL,NO,4331.034482,0,1,25
U3,2,2,WHEELS/TIRES,EFF,380.689655,1,0,26
U3,2,2,WHEELS/TIRES,NO,5588.965517,1,1,26
U3,2,3,ACCESSORIES,NO,6672.413793,0,1,1
U3,2,3,AFES,EFF,8.965517,1,0,2
U3,2,3,AFES,EFF,16.55173,1,0,2
U3,2,3,AFES,NO,6646.896546,1,1,2
U3,2,3,ARMOR,NO,6672.413793,0,1,3
U3,2,2,AXLES/GEARED HUBS,EFF,0,0,0,4
U3,2,3,AXLES/GEARED HUBS,EFF,102.06897,0,0,4
U3,2,3,AXLES/GEARED HUBS,EFF,16.55172,0,0,4
U3,2,3,AXLES/GEARED HUBS,NO,6553.793103,0,1,4
U3,2,3,BII,NO,6672.413793,1,1,5
U3,2,3,BODY/CAB/HOOD/HULL,EFF,263.44827,0,0,6
U3,2,3,BODY/CAB/HOOD/HULL,NO,6408.965523,0,1,6
U3,2,3,BRAKES,EFF,28.96552,1,0,7
U3,2,3,BRAKES,EFF,659.31035,1,0,7
U3,2,3,BRAKES,NO,5984.137923,1,1,7
U3,2,3,COMPLETE VEHICLE,NO,6672.413793,0,1,8
U3,2,3,CONTROL PANELS,EFF,552.41379,1,0,9
U3,2,3,CONTROL PANELS,NO,6120.000003,1,1,9
U3,2,3,CTIS,EFF,243.448276,0,0,10
U3,2,3,CTIS,EFF,102.06897,0,0,10
U3,2,3,CTIS,NO,6326.896547,0,1,10
U3,2,3,ELECTRICAL SYSTEM,OMF,86.89656,0,0,11
U3,2,3,ELECTRICAL SYSTEM,EFF,20,0,0,11
U3,2,3,ELECTRICAL SYSTEM,EFF,19.31034,0,0,11
U3,2,3,ELECTRICAL SYSTEM,EFF,190.34483,0,0,11
U3,2,3,ELECTRICAL SYSTEM,NO,6355.862063,0,1,11
U3,2,3,ENGINE,EFF,15.17242,1,0,12
U3,2,3,ENGINE,NO,6657.241373,1,1,12
U3,2,3,FRAME/TOWING,NO,6672.413793,0,1,13
U3,2,3,FUEL SYSTEM,NO,6672.413793,0,1,14
U3,2,3,GFE,NO,6672.413793,1,1,15
U3,2,3,HVAC,OMF,120,1,0,16
U3,2,3,HVAC,EFF,171.03448,1,0,16
U3,2,3,HVAC,NO,6381.379313,1,1,16
U3,2,3,HYDRAULICS,EFF,573.10345,0,0,17
U3,2,3,HYDRAULICS,NO,6099.310343,0,1,17
U3,2,3,PNEUMATIC SYSTEM,NO,6672.413793,0,1,18
U3,2,3,PROPELLER/SHAFTS,EFF,171.03448,0,0,19
U3,2,3,PROPELLER/SHAFTS,EFF,0,0,0,19
U3,2,3,PROPELLER/SHAFTS,EFF,0,0,0,19
U3,2,3,PROPELLER/SHAFTS,NO,6501.379313,0,1,19
U3,2,3,RADIOS,EFF,164.827586,1,0,20
U3,2,3,RADIOS,EFF,97.93103,1,0,20
U3,2,3,RADIOS,EFF,15.17242,1,0,20
U3,2,3,RADIOS,EFF,428.27587,1,0,20
U3,2,3,RADIOS,EFF,432.41379,1,0,20
U3,2,3,RADIOS,EFF,224.13793,1,0,20
U3,2,3,RADIOS,EFF,119.31034,1,0,20
U3,2,3,RADIOS,EFF,428.96552,1,0,20
U3,2,3,RADIOS,NO,4761.379307,1,1,20
U3,2,3,STEERING,EFF,8.965517,1,0,21
U3,2,3,STEERING,EFF,0,1,0,21
U3,2,3,STEERING,EFF,0,1,0,21
U3,2,3,STEERING,EFF,309.655173,1,0,21
U3,2,3,STEERING,EFF,86.89656,1,0,21
U3,2,3,STEERING,EFF,26.89655,1,0,21
U3,2,3,STEERING,EFF,171.03448,1,0,21
U3,2,3,STEERING,EFF,19.31034,1,0,21
U3,2,3,STEERING,NO,6049.655173,1,1,21
U3,2,2,SUSPENSION,EFF,0,1,0,22
U3,2,2,SUSPENSION,EFF,0,1,0,22
U3,2,2,SUSPENSION,EFF,0,1,0,22
U3,2,3,SUSPENSION,EFF,166.896548,1,0,22
U3,2,3,SUSPENSION,EFF,68.96551,1,0,22
U3,2,3,SUSPENSION,EFF,659.31035,1,0,22
U3,2,3,SUSPENSION,NO,5777.241385,1,1,22
U3,2,3,TRANSFER CASE,NO,6672.413793,0,1,23
U3,2,3,TRANSMISSION,NO,6672.413793,1,1,24
U3,2,3,WARN/SCAN/SIGNAL,EFF,218.620689,0,0,25
U3,2,3,WARN/SCAN/SIGNAL,NO,6453.793104,0,1,25
U3,2,3,WHEELS/TIRES,NO,6672.413793,1,1,26
U5,2,1,ACCESSORIES,NO,5150.137931,0,1,1
U5,2,1,AFES,EFF,29.103449,1,0,2
U5,2,1,AFES,EFF,182.965517,1,0,2
U5,2,1,AFES,EFF,65.517241,1,0,2
U5,2,1,AFES,EFF,85.241379,1,0,2
U5,2,1,AFES,EFF,0,1,0,2
U5,2,1,AFES,NO,4787.310345,1,1,2
U5,2,1,ARMOR,NO,5150.137931,0,1,3
U5,2,1,AXLES/GEARED HUBS,EFF,61.517241,0,0,4
U5,2,1,AXLES/GEARED HUBS,NO,5088.62069,0,1,4
U5,2,1,BII,NO,5150.137931,1,1,5
U5,2,1,BODY/CAB/HOOD/HULL,EFF,1.37931,0,0,6
U5,2,1,BODY/CAB/HOOD/HULL,NO,5148.758621,0,1,6
U5,2,1,BRAKES,EFF,87.034483,1,0,7
U5,2,1,BRAKES,EFF,451.862069,1,0,7
U5,2,1,BRAKES,EFF,50.344827,1,0,7
U5,2,1,BRAKES,EFF,69.24138,1,0,7
U5,2,1,BRAKES,EFF,61.517241,1,0,7
U5,2,1,BRAKES,EFF,0,1,0,7
U5,2,1,BRAKES,NO,4430.137931,1,1,7
U5,2,1,COMPLETE VEHICLE,NO,5150.137931,0,1,8
U5,2,1,CONTROL PANELS,EFF,64.413793,1,0,9
U5,2,1,CONTROL PANELS,EFF,22.827586,1,0,9
U5,2,1,CONTROL PANELS,EFF,68.137931,1,0,9
U5,2,1,CONTROL PANELS,EFF,162.551724,1,0,9
U5,2,1,CONTROL PANELS,EFF,14.827586,1,0,9
U5,2,1,CONTROL PANELS,NO,4817.379311,1,1,9
U5,2,1,CTIS,NO,5150.137931,0,1,10
U5,2,1,ELECTRICAL SYSTEM,EFF,66.896552,0,0,11
U5,2,1,ELECTRICAL SYSTEM,OMF,348.62069,0,0,11
U5,2,1,ELECTRICAL SYSTEM,EFF,0.137931,0,0,11
U5,2,1,ELECTRICAL SYSTEM,EFF,0,0,0,11
U5,2,1,ELECTRICAL SYSTEM,NO,4734.482758,0,1,11
U5,2,1,ENGINE,NO,5150.137931,1,1,12
U5,2,1,FRAME/TOWING,NO,5150.137931,0,1,13
U5,2,1,FUEL SYSTEM,OMF,306.275862,0,0,14
U5,2,1,FUEL SYSTEM,OMF,117.862069,0,0,14
U5,2,1,FUEL SYSTEM,NO,4726,0,1,14
U5,2,1,GFE,NO,5150.137931,1,1,15
U5,2,1,HVAC,OMF,1062.896552,1,0,16
U5,2,1,HVAC,EFF,53.448276,1,0,16
U5,2,1,HVAC,NO,4033.793103,1,1,16
U5,2,1,HYDRAULICS,EFF,85.793103,0,0,17
U5,2,1,HYDRAULICS,NO,5064.344828,0,1,17
U5,2,1,PNEUMATIC SYSTEM,NO,5150.137931,0,1,18
U5,2,1,PROPELLER/SHAFTS,NO,5150.137931,0,1,19
U5,2,1,RADIOS,EFF,26.689655,1,0,20
U5,2,1,RADIOS,EFF,102.551724,1,0,20
U5,2,1,RADIOS,EFF,28.344828,1,0,20
U5,2,1,RADIOS,EFF,87.103448,1,0,20
U5,2,1,RADIOS,EFF,0.068966,1,0,20
U5,2,1,RADIOS,EFF,4.482758,1,0,20
U5,2,1,RADIOS,NO,4900.896552,1,1,20
U5,2,1,STEERING,EFF,85.793103,1,0,21
U5,2,1,STEERING,EFF,20.413793,1,0,21
U5,2,1,STEERING,EFF,61.517241,1,0,21
U5,2,1,STEERING,EFF,0,1,0,21
U5,2,1,STEERING,NO,4982.413794,1,1,21
U5,2,1,SUSPENSION,EFF,299.379311,1,0,22
U5,2,1,SUSPENSION,EFF,20.068965,1,0,22
U5,2,1,SUSPENSION,EFF,28.551724,1,0,22
U5,2,1,SUSPENSION,EFF,43.034483,1,0,22
U5,2,1,SUSPENSION,NO,4759.103448,1,1,22
U5,2,1,TRANSFER CASE,EFF,19.931034,0,0,23
U5,2,1,TRANSFER CASE,NO,5130.206897,0,1,23
U5,2,1,TRANSMISSION,NO,5150.137931,1,1,24
U5,2,1,WARN/SCAN/SIGNAL,EFF,64.413793,0,0,25
U5,2,1,WARN/SCAN/SIGNAL,EFF,54.068965,0,0,25
U5,2,1,WARN/SCAN/SIGNAL,EFF,378.413793,0,0,25
U5,2,1,WARN/SCAN/SIGNAL,EFF,97.310345,0,0,25
U5,2,1,WARN/SCAN/SIGNAL,EFF,43.24138,0,0,25
U5,2,1,WARN/SCAN/SIGNAL,EFF,27.103448,0,0,25
U5,2,1,WARN/SCAN/SIGNAL,EFF,14.827586,0,0,25
U5,2,1,WARN/SCAN/SIGNAL,EFF,24.551724,0,0,25
U5,2,1,WARN/SCAN/SIGNAL,EFF,7.310345,0,0,25
U5,2,1,WARN/SCAN/SIGNAL,EFF,123.034483,0,0,25
U5,2,1,WARN/SCAN/SIGNAL,EFF,178.896552,0,0,25
U5,2,1,WARN/SCAN/SIGNAL,EFF,3.172413,0,0,25
U5,2,1,WARN/SCAN/SIGNAL,NO,4133.793104,0,1,25
U5,2,1,WHEELS/TIRES,OMF,20.482759,1,0,26
U5,2,1,WHEELS/TIRES,EFF,1.931035,1,0,26
U5,2,1,WHEELS/TIRES,EFF,39.24138,1,0,26
U5,2,1,WHEELS/TIRES,NO,5088.482757,1,1,26
U5,2,2,ACCESSORIES,EFF,16.206896,0,0,1
U5,2,2,ACCESSORIES,EFF,4.689655,0,0,1
U5,2,2,ACCESSORIES,EFF,31.310345,0,0,1
U5,2,2,ACCESSORIES,NO,6531.24138,0,1,1
U5,2,2,AFES,EFF,49.862069,1,0,2
U5,2,2,AFES,EFF,16.206896,1,0,2
U5,2,2,AFES,EFF,38.551724,1,0,2
U5,2,2,AFES,NO,6478.827587,1,1,2
U5,2,2,ARMOR,NO,6583.448276,0,1,3
U5,2,2,AXLES/GEARED HUBS,EFF,92.206897,0,0,4
U5,2,2,AXLES/GEARED HUBS,EFF,163.310346,0,0,4
U5,2,2,AXLES/GEARED HUBS,NO,6327.931033,0,1,4
U5,2,2,BII,EFF,30.965517,1,0,5
U5,2,2,BII,NO,6552.482759,1,1,5
U5,2,2,BODY/CAB/HOOD/HULL,EFF,16.206896,0,0,6
U5,2,2,BODY/CAB/HOOD/HULL,EFF,200.206896,0,0,6
U5,2,2,BODY/CAB/HOOD/HULL,EFF,0,0,0,6
U5,2,2,BODY/CAB/HOOD/HULL,OMF,2.482759,0,0,6
U5,2,2,BODY/CAB/HOOD/HULL,EFF,284.068966,0,0,6
U5,2,2,BODY/CAB/HOOD/HULL,EFF,92.206897,0,0,6
U5,2,2,BODY/CAB/HOOD/HULL,EFF,14.89656,0,0,6
U5,2,2,BODY/CAB/HOOD/HULL,NO,5973.379302,0,1,6
U5,2,2,BRAKES,OMF,30.965517,1,0,7
U5,2,2,BRAKES,EFF,0,1,0,7
U5,2,2,BRAKES,EFF,0,1,0,7
U5,2,2,BRAKES,EFF,114.62069,1,0,7
U5,2,2,BRAKES,EFF,20.896552,1,0,7
U5,2,2,BRAKES,EFF,0,1,0,7
U5,2,2,BRAKES,EFF,48.827586,1,0,7
U5,2,2,BRAKES,NO,6368.137931,1,1,7
U5,2,2,COMPLETE VEHICLE,NO,6583.448276,0,1,8
U5,2,2,CONTROL PANELS,EFF,61.37931,1,0,9
U5,2,2,CONTROL PANELS,EFF,158.896551,1,0,9
U5,2,2,CONTROL PANELS,EFF,5.586207,1,0,9
U5,2,2,CONTROL PANELS,EFF,88.62069,1,0,9
U5,2,2,CONTROL PANELS,EFF,0,1,0,9
U5,2,2,CONTROL PANELS,EFF,14.137931,1,0,9
U5,2,2,CONTROL PANELS,EFF,47.37931,1,0,9
U5,2,2,CONTROL PANELS,EFF,134.62069,1,0,9
U5,2,2,CONTROL PANELS,EFF,6.827586,1,0,9
U5,2,2,CONTROL PANELS,NO,6066.000001,1,1,9
U5,2,2,CTIS,NO,6583.448276,0,1,10
U5,2,2,ELECTRICAL SYSTEM,EFF,8.965517,0,0,11
U5,2,2,ELECTRICAL SYSTEM,EFF,5.517242,0,0,11
U5,2,2,ELECTRICAL SYSTEM,OMF,200.206896,0,0,11
U5,2,2,ELECTRICAL SYSTEM,OMF,0.689655,0,0,11
U5,2,2,ELECTRICAL SYSTEM,OMF,157.034482,0,0,11
U5,2,2,ELECTRICAL SYSTEM,EFF,25.24138,0,0,11
U5,2,2,ELECTRICAL SYSTEM,EFF,24.48275,0,0,11
U5,2,2,ELECTRICAL SYSTEM,NO,6161.310354,0,1,11
U5,2,2,ENGINE,EFF,71.103448,1,0,12
U5,2,2,ENGINE,NO,6512.344828,1,1,12
U5,2,2,FRAME/TOWING,EFF,10.344828,0,0,13
U5,2,2,FRAME/TOWING,EFF,11.310345,0,0,13
U5,2,2,FRAME/TOWING,EFF,0,0,0,13
U5,2,2,FRAME/TOWING,EFF,2.13793,0,0,13
U5,2,2,FRAME/TOWING,EFF,0.13793,0,0,13
U5,2,2,FRAME/TOWING,NO,6559.517243,0,1,13
U5,2,2,FUEL SYSTEM,EFF,8.482759,0,0,14
U5,2,2,FUEL SYSTEM,NO,6574.965517,0,1,14
U5,2,2,GFE,EFF,50.896552,1,0,15
U5,2,2,GFE,EFF,128.13793,1,0,15
U5,2,2,GFE,NO,6404.413794,1,1,15
U5,2,2,HVAC,EFF,16.206896,1,0,16
U5,2,2,HVAC,EFF,0.689655,1,0,16
U5,2,2,HVAC,EFF,23.034482,1,0,16
U5,2,2,HVAC,NO,6543.517243,1,1,16
U5,2,2,HYDRAULICS,EFF,24.48275,0,0,17
U5,2,2,HYDRAULICS,EFF,0,0,0,17
U5,2,2,HYDRAULICS,EFF,0,0,0,17
U5,2,2,HYDRAULICS,NO,6558.965526,0,1,17
U5,2,2,PNEUMATIC SYSTEM,NO,6583.448276,0,1,18
U5,2,2,PROPELLER/SHAFTS,NO,6583.448276,0,1,19
U5,2,2,RADIOS,EFF,12.068966,1,0,20
U5,2,2,RADIOS,EFF,0,1,0,20
U5,2,2,RADIOS,OMF,187.448275,1,0,20
U5,2,2,RADIOS,EFF,0,1,0,20
U5,2,2,RADIOS,EFF,61.862069,1,0,20
U5,2,2,RADIOS,EFF,76.482759,1,0,20
U5,2,2,RADIOS,EFF,18.620689,1,0,20
U5,2,2,RADIOS,EFF,134.62069,1,0,20
U5,2,2,RADIOS,EFF,30.965517,1,0,20
U5,2,2,RADIOS,NO,6061.379311,1,1,20
U5,2,2,STEERING,EFF,212.689655,1,0,21
U5,2,2,STEERING,EFF,0,1,0,21
U5,2,2,STEERING,EFF,137.172414,1,0,21
U5,2,2,STEERING,EFF,47.37931,1,0,21
U5,2,2,STEERING,EFF,47.034483,1,0,21
U5,2,2,STEERING,EFF,0,1,0,21
U5,2,2,STEERING,EFF,9.448276,1,0,21
U5,2,2,STEERING,EFF,249.172413,1,0,21
U5,2,2,STEERING,EFF,0.689655,1,0,21
U5,2,2,STEERING,EFF,175.37931,1,0,21
U5,2,2,STEERING,EFF,21.034483,1,0,21
U5,2,2,STEERING,EFF,38.55172,1,0,21
U5,2,2,STEERING,OMF,160.27586,1,0,21
U5,2,2,STEERING,EFF,0,1,0,21
U5,2,2,STEERING,EFF,24.48275,1,0,21
U5,2,2,STEERING,EFF,24.48275,1,0,21
U5,2,2,STEERING,NO,5435.655197,1,1,21
U5,2,2,SUSPENSION,EFF,112.551725,1,0,22
U5,2,2,SUSPENSION,EFF,39.379311,1,0,22
U5,2,2,SUSPENSION,EFF,117.517241,1,0,22
U5,2,2,SUSPENSION,EFF,6.551724,1,0,22
U5,2,2,SUSPENSION,NO,6307.448275,1,1,22
U5,2,2,TRANSFER CASE,NO,6583.448276,0,1,23
U5,2,2,TRANSMISSION,NO,6583.448276,1,1,24
U5,2,2,WARN/SCAN/SIGNAL,EFF,24.137931,0,0,25
U5,2,2,WARN/SCAN/SIGNAL,EFF,5.448276,0,0,25
U5,2,2,WARN/SCAN/SIGNAL,EFF,57.931034,0,0,25
U5,2,2,WARN/SCAN/SIGNAL,EFF,35.724138,0,0,25
U5,2,2,WARN/SCAN/SIGNAL,EFF,0,0,0,25
U5,2,2,WARN/SCAN/SIGNAL,EFF,78.551724,0,0,25
U5,2,2,WARN/SCAN/SIGNAL,EFF,40.206897,0,0,25
U5,2,2,WARN/SCAN/SIGNAL,EFF,30.275862,0,0,25
U5,2,2,WARN/SCAN/SIGNAL,EFF,80.965517,0,0,25
U5,2,2,WARN/SCAN/SIGNAL,EFF,70.413793,0,0,25
U5,2,2,WARN/SCAN/SIGNAL,EFF,133.517242,0,0,25
U5,2,2,WARN/SCAN/SIGNAL,EFF,7.379311,0,0,25
U5,2,2,WARN/SCAN/SIGNAL,EFF,60.75862,0,0,25
U5,2,2,WARN/SCAN/SIGNAL,EFF,2.482759,0,0,25
U5,2,2,WARN/SCAN/SIGNAL,EFF,55.103448,0,0,25
U5,2,2,WARN/SCAN/SIGNAL,EFF,64.551724,0,0,25
U5,2,2,WARN/SCAN/SIGNAL,EFF,0.206897,0,0,25
U5,2,2,WARN/SCAN/SIGNAL,EFF,33.103448,0,0,25
U5,2,2,WARN/SCAN/SIGNAL,EFF,43.172414,0,0,25
U5,2,2,WARN/SCAN/SIGNAL,EFF,48.206896,0,0,25
U5,2,2,WARN/SCAN/SIGNAL,EFF,40.137931,0,0,25
U5,2,2,WARN/SCAN/SIGNAL,EFF,0,0,0,25
U5,2,2,WARN/SCAN/SIGNAL,EFF,166.551724,0,0,25
U5,2,2,WARN/SCAN/SIGNAL,EFF,26.206897,0,0,25
U5,2,2,WARN/SCAN/SIGNAL,EFF,209.931035,0,0,25
U5,2,2,WARN/SCAN/SIGNAL,EFF,3.793104,0,0,25
U5,2,2,WARN/SCAN/SIGNAL,EFF,5.517242,0,0,25
U5,2,2,WARN/SCAN/SIGNAL,EFF,163.310346,0,0,25
U5,2,2,WARN/SCAN/SIGNAL,EFF,114.2069,0,0,25
U5,2,2,WARN/SCAN/SIGNAL,EFF,73.17241,0,0,25
U5,2,2,WARN/SCAN/SIGNAL,NO,4908.482756,0,1,25
U5,2,2,WHEELS/TIRES,EFF,139.586207,1,0,26
U5,2,2,WHEELS/TIRES,EFF,1.37931,1,0,26
U5,2,2,WHEELS/TIRES,OMF,57.44828,1,0,26
U5,2,2,WHEELS/TIRES,NO,6385.034479,1,1,26
U5,2,3,ACCESSORIES,NO,5177.931034,0,1,1
U5,2,3,AFES,NO,5177.931034,1,1,2
U5,2,3,ARMOR,NO,5177.931034,0,1,3
U5,2,3,AXLES/GEARED HUBS,EFF,24.48276,0,0,4
U5,2,3,AXLES/GEARED HUBS,EFF,0,0,0,4
U5,2,3,AXLES/GEARED HUBS,EFF,8.89656,0,0,4
U5,2,3,AXLES/GEARED HUBS,NO,5144.551714,0,1,4
U5,2,3,BII,NO,5177.931034,1,1,5
U5,2,3,BODY/CAB/HOOD/HULL,EFF,8.89656,0,0,6
U5,2,3,BODY/CAB/HOOD/HULL,NO,5169.034474,0,1,6
U5,2,3,BRAKES,EFF,131.51724,1,0,7
U5,2,3,BRAKES,EFF,385.10345,1,0,7
U5,2,3,BRAKES,NO,4661.310344,1,1,7
U5,2,3,COMPLETE VEHICLE,NO,5177.931034,0,1,8
U5,2,3,CONTROL PANELS,NO,5177.931034,1,1,9
U5,2,3,CTIS,NO,5177.931034,0,1,10
U5,2,3,ELECTRICAL SYSTEM,EFF,34.41379,0,0,11
U5,2,3,ELECTRICAL SYSTEM,NO,5143.517244,0,1,11
U5,2,3,ENGINE,EFF,253.72414,1,0,12
U5,2,3,ENGINE,EFF,0,1,0,12
U5,2,3,ENGINE,NO,4924.206894,1,1,12
U5,2,3,FRAME/TOWING,NO,5177.931034,0,1,13
U5,2,3,FUEL SYSTEM,EFF,34.41379,0,0,14
U5,2,3,FUEL SYSTEM,EFF,8.89656,0,0,14
U5,2,3,FUEL SYSTEM,NO,5134.620684,0,1,14
U5,2,3,GFE,EFF,340.34483,1,0,15
U5,2,3,GFE,NO,4837.586204,1,1,15
U5,2,3,HVAC,EFF,1398.34482,1,0,16
U5,2,3,HVAC,EFF,8.89656,1,0,16
U5,2,3,HVAC,NO,3770.689654,1,1,16
U5,2,3,HYDRAULICS,NO,5177.931034,0,1,17
U5,2,3,PNEUMATIC SYSTEM,NO,5177.931034,0,1,18
U5,2,3,PROPELLER/SHAFTS,NO,5177.931034,0,1,19
U5,2,3,RADIOS,EFF,7.17242,1,0,20
U5,2,3,RADIOS,OMF,0.06897,1,0,20
U5,2,3,RADIOS,EFF,104.89655,1,0,20
U5,2,3,RADIOS,EFF,385.10345,1,0,20
U5,2,3,RADIOS,NO,4680.689644,1,1,20
U5,2,3,STEERING,EFF,134.34483,1,0,21
U5,2,3,STEERING,EFF,64.62069,1,0,21
U5,2,3,STEERING,EFF,0,1,0,21
U5,2,3,STEERING,EFF,256.68965,1,0,21
U5,2,3,STEERING,NO,4722.275864,1,1,21
U5,2,3,SUSPENSION,EFF,64.62069,1,0,22
U5,2,3,SUSPENSION,EFF,0,1,0,22
U5,2,3,SUSPENSION,EFF,0,1,0,22
U5,2,3,SUSPENSION,EFF,0,1,0,22
U5,2,3,SUSPENSION,EFF,0,1,0,22
U5,2,3,SUSPENSION,EFF,0,1,0,22
U5,2,3,SUSPENSION,EFF,385.10345,1,0,22
U5,2,3,SUSPENSION,EFF,0,1,0,22
U5,2,3,SUSPENSION,EFF,8.89656,1,0,22
U5,2,3,SUSPENSION,EFF,0,1,0,22
U5,2,3,SUSPENSION,NO,4719.310334,1,1,22
U5,2,3,TRANSFER CASE,NO,5177.931034,0,1,23
U5,2,3,TRANSMISSION,NO,5177.931034,1,1,24
U5,2,3,WARN/SCAN/SIGNAL,EFF,34.48275,0,0,25
U5,2,3,WARN/SCAN/SIGNAL,EFF,83.93104,0,0,25
U5,2,3,WARN/SCAN/SIGNAL,EFF,0.68965,0,0,25
U5,2,3,WARN/SCAN/SIGNAL,EFF,256.06896,0,0,25
U5,2,3,WARN/SCAN/SIGNAL,EFF,127.31035,0,0,25
U5,2,3,WARN/SCAN/SIGNAL,EFF,363.44828,0,0,25
U5,2,3,WARN/SCAN/SIGNAL,EFF,140.2069,0,0,25
U5,2,3,WARN/SCAN/SIGNAL,EFF,12.89655,0,0,25
U5,2,3,WARN/SCAN/SIGNAL,NO,4158.896554,0,1,25
U5,2,3,WHEELS/TIRES,NO,5177.931034,1,1,26
U6,2,1,ACCESSORIES,EFF,136.551724,0,0,1
U6,2,1,ACCESSORIES,NO,4697.241379,0,1,1
U6,2,1,AFES,EFF,108.965517,1,0,2
U6,2,1,AFES,EFF,0,1,0,2
U6,2,1,AFES,NO,4724.827586,1,1,2
U6,2,1,ARMOR,NO,4833.793103,0,1,3
U6,2,1,AXLES/GEARED HUBS,EFF,16.551724,0,0,4
U6,2,1,AXLES/GEARED HUBS,NO,4817.241379,0,1,4
U6,2,1,BII,NO,4833.793103,1,1,5
U6,2,1,BODY/CAB/HOOD/HULL,NO,4833.793103,0,1,6
U6,2,1,BRAKES,EFF,37.931034,1,0,7
U6,2,1,BRAKES,EFF,1.37931,1,0,7
U6,2,1,BRAKES,EFF,43.448276,1,0,7
U6,2,1,BRAKES,EFF,108.965517,1,0,7
U6,2,1,BRAKES,EFF,0,1,0,7
U6,2,1,BRAKES,EFF,380.689655,1,0,7
U6,2,1,BRAKES,EFF,326.896552,1,0,7
U6,2,1,BRAKES,EFF,16.551724,1,0,7
U6,2,1,BRAKES,EFF,0,1,0,7
U6,2,1,BRAKES,EFF,0,1,0,7
U6,2,1,BRAKES,EFF,0,1,0,7
U6,2,1,BRAKES,NO,3917.931035,1,1,7
U6,2,1,COMPLETE VEHICLE,NO,4833.793103,0,1,8
U6,2,1,CONTROL PANELS,NO,4833.793103,1,1,9
U6,2,1,CTIS,NO,4833.793103,0,1,10
U6,2,1,ELECTRICAL SYSTEM,EFF,27.586207,0,0,11
U6,2,1,ELECTRICAL SYSTEM,EFF,339.310345,0,0,11
U6,2,1,ELECTRICAL SYSTEM,EFF,444.827586,0,0,11
U6,2,1,ELECTRICAL SYSTEM,OMF,104.137931,0,0,11
U6,2,1,ELECTRICAL SYSTEM,EFF,16.551724,0,0,11
U6,2,1,ELECTRICAL SYSTEM,NO,3901.37931,0,1,11
U6,2,1,ENGINE,NO,4833.793103,1,1,12
U6,2,1,FRAME/TOWING,NO,4833.793103,0,1,13
U6,2,1,FUEL SYSTEM,NO,4833.793103,0,1,14
U6,2,1,GFE,NO,4833.793103,1,1,15
U6,2,1,HVAC,OMF,1063.448276,1,0,16
U6,2,1,HVAC,EFF,1.37931,1,0,16
U6,2,1,HVAC,OMF,144.137931,1,0,16
U6,2,1,HVAC,EFF,13.793104,1,0,16
U6,2,1,HVAC,OMF,133.103448,1,0,16
U6,2,1,HVAC,EFF,13.793103,1,0,16
U6,2,1,HVAC,OMF,128.965518,1,0,16
U6,2,1,HVAC,EFF,380.689655,1,0,16
U6,2,1,HVAC,NO,2954.482758,1,1,16
U6,2,1,HYDRAULICS,NO,4833.793103,0,1,17
U6,2,1,PNEUMATIC SYSTEM,NO,4833.793103,0,1,18
U6,2,1,PROPELLER/SHAFTS,NO,4833.793103,0,1,19
U6,2,1,RADIOS,EFF,136.551724,1,0,20
U6,2,1,RADIOS,EFF,175.862069,1,0,20
U6,2,1,RADIOS,EFF,144.827586,1,0,20
U6,2,1,RADIOS,NO,4376.551724,1,1,20
U6,2,1,STEERING,EFF,27.586207,1,0,21
U6,2,1,STEERING,NO,4806.206896,1,1,21
U6,2,1,SUSPENSION,EFF,544.137931,1,0,22
U6,2,1,SUSPENSION,EFF,51.724138,1,0,22
U6,2,1,SUSPENSION,NO,4237.931034,1,1,22
U6,2,1,TRANSFER CASE,NO,4833.793103,0,1,23
U6,2,1,TRANSMISSION,NO,4833.793103,1,1,24
U6,2,1,WARN/SCAN/SIGNAL,EFF,37.931034,0,0,25
U6,2,1,WARN/SCAN/SIGNAL,EFF,1.37931,0,0,25
U6,2,1,WARN/SCAN/SIGNAL,EFF,1.37931,0,0,25
U6,2,1,WARN/SCAN/SIGNAL,EFF,109.655172,0,0,25
U6,2,1,WARN/SCAN/SIGNAL,EFF,113.103448,0,0,25
U6,2,1,WARN/SCAN/SIGNAL,NO,4570.344829,0,1,25
U6,2,1,WHEELS/TIRES,OMF,92.413794,1,0,26
U6,2,1,WHEELS/TIRES,NO,4741.379309,1,1,26
U6,2,2,ACCESSORIES,EFF,90.344828,0,0,1
U6,2,2,ACCESSORIES,NO,7167.586206,0,1,1
U6,2,2,AFES,EFF,88.965517,1,0,2
U6,2,2,AFES,EFF,90.344828,1,0,2
U6,2,2,AFES,EFF,0,1,0,2
U6,2,2,AFES,NO,7078.620689,1,1,2
U6,2,2,ARMOR,NO,7257.931034,0,1,3
U6,2,2,AXLES/GEARED HUBS,EFF,55.862069,0,0,4
U6,2,2,AXLES/GEARED HUBS,EFF,22.06896,0,0,4
U6,2,2,AXLES/GEARED HUBS,NO,7180.000005,0,1,4
U6,2,2,BII,NO,7257.931034,1,1,5
U6,2,2,BODY/CAB/HOOD/HULL,EFF,0.689655,0,0,6
U6,2,2,BODY/CAB/HOOD/HULL,NO,7257.241379,0,1,6
U6,2,2,BRAKES,EFF,77.931034,1,0,7
U6,2,2,BRAKES,EFF,148.275863,1,0,7
U6,2,2,BRAKES,EFF,54.482758,1,0,7
U6,2,2,BRAKES,EFF,38.62069,1,0,7
U6,2,2,BRAKES,EFF,342.758621,1,0,7
U6,2,2,BRAKES,OMF,265.517241,1,0,7
U6,2,2,BRAKES,EFF,55.862069,1,0,7
U6,2,2,BRAKES,EFF,55.862069,1,0,7
U6,2,2,BRAKES,OMF,69.655172,1,0,7
U6,2,2,BRAKES,OMF,80,1,0,7
U6,2,2,BRAKES,EFF,226.896552,1,0,7
U6,2,2,BRAKES,EFF,233.793104,1,0,7
U6,2,2,BRAKES,EFF,90.344828,1,0,7
U6,2,2,BRAKES,EFF,174.482762,1,0,7
U6,2,2,BRAKES,EFF,0,1,0,7
U6,2,2,BRAKES,EFF,0,1,0,7
U6,2,2,BRAKES,EFF,475.17242,1,0,7
U6,2,2,BRAKES,EFF,53.10345,1,0,7
U6,2,2,BRAKES,NO,4815.172401,1,1,7
U6,2,2,COMPLETE VEHICLE,NO,7257.931034,0,1,8
U6,2,2,CONTROL PANELS,EFF,93.793103,1,0,9
U6,2,2,CONTROL PANELS,NO,7164.137931,1,1,9
U6,2,2,CTIS,NO,7257.931034,0,1,10
U6,2,2,ELECTRICAL SYSTEM,EFF,13.793104,0,0,11
U6,2,2,ELECTRICAL SYSTEM,EFF,11.724138,0,0,11
U6,2,2,ELECTRICAL SYSTEM,EFF,73.793103,0,0,11
U6,2,2,ELECTRICAL SYSTEM,EFF,210.344828,0,0,11
U6,2,2,ELECTRICAL SYSTEM,EFF,74.482758,0,0,11
U6,2,2,ELECTRICAL SYSTEM,EFF,525.517241,0,0,11
U6,2,2,ELECTRICAL SYSTEM,EFF,0.68965,0,0,11
U6,2,2,ELECTRICAL SYSTEM,NO,6347.586212,0,1,11
U6,2,2,ENGINE,NO,7257.931034,1,1,12
U6,2,2,FUEL SYSTEM,OMF,140,0,0,13
U6,2,2,FUEL SYSTEM,EFF,128.965518,0,0,13
U6,2,2,FUEL SYSTEM,NO,6988.965516,0,1,13
U6,2,2,FRAME/TOWING,NO,7257.931034,0,1,14
U6,2,2,GFE,EFF,31.034482,1,0,15
U6,2,2,GFE,EFF,498.62069,1,0,15
U6,2,2,GFE,NO,6728.275862,1,1,15
U6,2,2,HVAC,EFF,18.62069,1,0,16
U6,2,2,HVAC,EFF,148.275863,1,0,16
U6,2,2,HVAC,EFF,134.482758,1,0,16
U6,2,2,HVAC,EFF,191.724138,1,0,16
U6,2,2,HVAC,EFF,57.241379,1,0,16
U6,2,2,HVAC,OMF,14.48276,1,0,16
U6,2,2,HVAC,OMF,17.24138,1,0,16
U6,2,2,HVAC,NO,6675.862066,1,1,16
U6,2,2,HYDRAULICS,EFF,76.551724,0,0,17
U6,2,2,HYDRAULICS,EFF,25.517241,0,0,17
U6,2,2,HYDRAULICS,EFF,100,0,0,17
U6,2,2,HYDRAULICS,NO,7055.862069,0,1,17
U6,2,2,PNEUMATIC SYSTEM,NO,7257.931034,0,1,18
U6,2,2,PROPELLER/SHAFTS,EFF,25.517242,0,0,19
U6,2,2,PROPELLER/SHAFTS,EFF,47.586207,0,0,19
U6,2,2,PROPELLER/SHAFTS,EFF,25.517241,0,0,19
U6,2,2,PROPELLER/SHAFTS,EFF,0,0,0,19
U6,2,2,PROPELLER/SHAFTS,EFF,160.68965,0,0,19
U6,2,2,PROPELLER/SHAFTS,NO,6998.620694,0,1,19
U6,2,2,RADIOS,EFF,88.275862,1,0,20
U6,2,2,RADIOS,EFF,4.137931,1,0,20
U6,2,2,RADIOS,EFF,57.241379,1,0,20
U6,2,2,RADIOS,EFF,498.62069,1,0,20
U6,2,2,RADIOS,NO,6609.655172,1,1,20
U6,2,2,STEERING,EFF,31.034482,1,0,21
U6,2,2,STEERING,EFF,0,1,0,21
U6,2,2,STEERING,EFF,0,1,0,21
U6,2,2,STEERING,EFF,0,1,0,21
U6,2,2,STEERING,NO,7226.896552,1,1,21
U6,2,2,SUSPENSION,OMF,38.62069,1,0,22
U6,2,2,SUSPENSION,EFF,179.310344,1,0,22
U6,2,2,SUSPENSION,EFF,90.344828,1,0,22
U6,2,2,SUSPENSION,EFF,174.482762,1,0,22
U6,2,2,SUSPENSION,EFF,51.72414,1,0,22
U6,2,2,SUSPENSION,EFF,91.03448,1,0,22
U6,2,2,SUSPENSION,EFF,53.10345,1,0,22
U6,2,2,SUSPENSION,EFF,0,1,0,22
U6,2,2,SUSPENSION,EFF,0,1,0,22
U6,2,2,SUSPENSION,EFF,0,1,0,22
U6,2,2,SUSPENSION,EFF,0,1,0,22
U6,2,2,SUSPENSION,EFF,0,1,0,22
U6,2,2,SUSPENSION,EFF,0,1,0,22
U6,2,2,SUSPENSION,EFF,0,1,0,22
U6,2,2,SUSPENSION,EFF,0,1,0,22
U6,2,2,SUSPENSION,NO,6579.31034,1,1,22
U6,2,2,TRANSFER CASE,NO,7257.931034,0,1,23
U6,2,2,TRANSMISSION,NO,7257.931034,1,1,24
U6,2,2,WARN/SCAN/SIGNAL,EFF,177.931035,0,0,25
U6,2,2,WARN/SCAN/SIGNAL,EFF,101.37931,0,0,25
U6,2,2,WARN/SCAN/SIGNAL,EFF,4.137931,0,0,25
U6,2,2,WARN/SCAN/SIGNAL,EFF,262.758621,0,0,25
U6,2,2,WARN/SCAN/SIGNAL,EFF,48.275863,0,0,25
U6,2,2,WARN/SCAN/SIGNAL,EFF,90.344828,0,0,25
U6,2,2,WARN/SCAN/SIGNAL,EFF,174.482762,0,0,25
U6,2,2,WARN/SCAN/SIGNAL,NO,6398.620684,0,1,25
U6,2,2,WHEELS/TIRES,NO,7257.931034,1,1,26
U6,2,3,ACCESSORIES,EFF,31.03449,0,0,1
U6,2,3,ACCESSORIES,NO,4867.5862,0,1,1
U6,2,3,AFES,EFF,8.96552,1,0,2
U6,2,3,AFES,EFF,0,1,0,2
U6,2,3,AFES,NO,4889.65517,1,1,2
U6,2,3,ARMOR,NO,4898.62069,0,1,3
U6,2,3,AXLES/GEARED HUBS,EFF,9.65517,0,0,4
U6,2,3,AXLES/GEARED HUBS,EFF,60,0,0,4
U6,2,3,AXLES/GEARED HUBS,NO,4828.96552,0,1,4
U6,2,3,BII,NO,4898.62069,1,1,5
U6,2,3,BODY/CAB/HOOD/HULL,NO,4898.62069,0,1,6
U6,2,3,BRAKES,EFF,270.34483,1,0,7
U6,2,3,BRAKES,NO,4628.27586,1,1,7
U6,2,3,COMPLETE VEHICLE,NO,4898.62069,0,1,8
U6,2,3,CONTROL PANELS,EFF,102.75862,1,0,9
U6,2,3,CONTROL PANELS,NO,4795.86207,1,1,9
U6,2,3,CTIS,EFF,270.34483,0,0,10
U6,2,3,CTIS,NO,4628.27586,0,1,10
U6,2,2,ELECTRICAL SYSTEM,EFF,0,0,0,11
U6,2,3,ELECTRICAL SYSTEM,EFF,8.96552,0,0,11
U6,2,3,ELECTRICAL SYSTEM,EFF,133.10345,0,0,11
U6,2,3,ELECTRICAL SYSTEM,EFF,42.75862,0,0,11
U6,2,3,ELECTRICAL SYSTEM,EFF,0,0,0,11
U6,2,3,ELECTRICAL SYSTEM,EFF,212.41379,0,0,11
U6,2,3,ELECTRICAL SYSTEM,EFF,185.51724,0,0,11
U6,2,3,ELECTRICAL SYSTEM,EFF,112.41379,0,0,11
U6,2,3,ELECTRICAL SYSTEM,EFF,270.34483,0,0,11
U6,2,3,ELECTRICAL SYSTEM,NO,3933.10345,0,1,11
U6,2,3,ENGINE,NO,4898.62069,1,1,12
U6,2,3,FRAME/TOWING,NO,4898.62069,0,1,13
U6,2,3,FUEL SYSTEM,NO,4898.62069,0,1,14
U6,2,3,GFE,NO,4898.62069,1,1,15
U6,2,3,HVAC,EFF,9.65517,1,0,16
U6,2,3,HVAC,OMF,22.75862,1,0,16
U6,2,3,HVAC,NO,4866.2069,1,1,16
U6,2,2,HYDRAULICS,EFF,0,0,0,17
U6,2,3,HYDRAULICS,NO,4898.62069,0,1,17
U6,2,3,PNEUMATIC SYSTEM,NO,4898.62069,0,1,18
U6,2,3,PROPELLER/SHAFTS,EFF,197.93104,0,0,19
U6,2,3,PROPELLER/SHAFTS,EFF,321.37931,0,0,19
U6,2,3,PROPELLER/SHAFTS,EFF,681.37931,0,0,19
U6,2,3,PROPELLER/SHAFTS,NO,3697.93103,0,1,19
U6,2,3,RADIOS,EFF,42.75862,1,0,20
U6,2,3,RADIOS,EFF,255.17241,1,0,20
U6,2,3,RADIOS,EFF,39.31035,1,0,20
U6,2,3,RADIOS,NO,4561.37931,1,1,20
U6,2,2,STEERING,EFF,0,1,0,21
U6,2,3,STEERING,EFF,8.96552,1,0,21
U6,2,3,STEERING,EFF,204.13793,1,0,21
U6,2,3,STEERING,EFF,60,1,0,21
U6,2,3,STEERING,EFF,0,1,0,21
U6,2,3,STEERING,EFF,321.37931,1,0,21
U6,2,3,STEERING,EFF,20.68965,1,0,21
U6,2,3,STEERING,NO,4283.44828,1,1,21
U6,2,3,SUSPENSION,EFF,24.13793,1,0,22
U6,2,3,SUSPENSION,EFF,0,1,0,22
U6,2,3,SUSPENSION,EFF,204.13793,1,0,22
U6,2,3,SUSPENSION,EFF,60,1,0,22
U6,2,3,SUSPENSION,NO,4610.34483,1,1,22
U6,2,3,TRANSFER CASE,NO,4898.62069,0,1,23
U6,2,3,TRANSMISSION,NO,4898.62069,1,1,24
U6,2,3,WARN/SCAN/SIGNAL,EFF,8.96552,0,0,25
U6,2,3,WARN/SCAN/SIGNAL,EFF,2.06896,0,0,25
U6,2,3,WARN/SCAN/SIGNAL,EFF,173.10345,0,0,25
U6,2,3,WARN/SCAN/SIGNAL,EFF,178.62069,0,0,25
U6,2,3,WARN/SCAN/SIGNAL,EFF,70.34483,0,0,25
U6,2,3,WARN/SCAN/SIGNAL,NO,4465.51724,0,1,25
U6,2,3,WHEELS/TIRES,EFF,204.13793,1,0,26
U6,2,3,WHEELS/TIRES,EFF,295.17242,1,0,26
U6,2,3,WHEELS/TIRES,NO,4399.31034,1,1,26
